Maintenance Area,Neighbourhood Name,Planned Start Week,Earliest Scheduled Start Date,Latest Scheduled Start Date,Planned Start Date,Street Cleaning Status,Location,Data Update,Planned Start Week Revised/Postponed,Note,Revised Start Week,Revised Earliest Scheduled Start Date,Revised Latest Scheduled Start Date,Revised Start Date
390,Westview Village,18-May-2020 thru 24-May-2020,2020-05-18,2020-05-24,27-May-2020,Completed,"(53.5527531, -113.7007482)",09/23/2020 10:22:28 AM,NO,Please plan to have your vehicles moved during the day.,Not Applicable,Not Applicable,Not Applicable,Not Applicable
208,"Grandview Heights, University Reasearch Station, and Lansdowne",04-May-2020 thru 10-May-2020,2020-05-04,2020-05-10,04-May-2020,Completed,"(53.49496828, -113.5504035)",09/23/2020 10:22:28 AM,YES,Please plan to have your vehicles moved during the day.,11-May-2020 thru 17-May-2020,11-May-2020,17-May-2020,11-May-2020
109,"Highlands, and Bellevue",25-May-2020 thru 31-May-2020,2020-05-25,2020-05-31,26-May-2020,Completed,"(53.56357062, -113.4349897)",09/23/2020 10:22:28 AM,NO,Please plan to have your vehicles moved during the day.,Not Applicable,Not Applicable,Not Applicable,Not Applicable
275,Calgary Trail North,11-May-2020 thru 17-May-2020,2020-05-11,2020-05-17,11-May-2020,Completed,"(53.4948447, -113.494587)",09/23/2020 10:22:28 AM,NO,Please plan to have your vehicles moved during the day.,Not Applicable,Not Applicable,Not Applicable,Not Applicable
382,"White, Poundmaker, Wilson, Edmiston, Armstrong and Mcnamara Industrial",25-May-2020 thru 31-May-2020,2020-05-25,2020-05-31,26-May-2020,Completed,"(53.5626358, -113.6400054)",09/23/2020 10:22:28 AM,NO,Please plan to have your vehicles moved during the day.,Not Applicable,Not Applicable,Not Applicable,Not Applicable
430,"Brintnell, and Miller",18-May-2020 thru 24-May-2020,2020-05-18,2020-05-24,21-May-2020,Completed,"(53.61964415, -113.4085174)",09/23/2020 10:22:28 AM,YES,Please plan to have your vehicles moved during the day.,25-May-2020 thru 31-May-2020,25-May-2020,31-May-2020,TBD
102,"parts of (Prince Rupert, Queen Mary Park, and Central McDougall)",20-Apr-2020 thru 26-Apr-2020,2020-04-20,2020-04-26,20-Apr-2020,Completed,"(53.55817376, -113.507682)",09/23/2020 10:22:28 AM,NO,Please plan to have your vehicles moved during the day.,Not Applicable,Not Applicable,Not Applicable,Not Applicable
436,Rural Northeast/South Sturgeon,Not Applicable thru Not Applicable,,,Not Applicable,Not Required,"(53.6185421, -113.3105434)",09/23/2020 10:22:28 AM,NO,Please plan to have your vehicles moved during the day.,Not Applicable,Not Applicable,Not Applicable,Not Applicable
320,Laurier Heights,18-May-2020 thru 24-May-2020,2020-05-18,2020-05-24,21-May-2020,Completed,"(53.51344441, -113.5606514)",09/23/2020 10:22:28 AM,YES,Please plan to have your vehicles moved during the day.,01-Jun-2020 thru 07-Jun-2020,01-Jun-2020,07-Jun-2020,01-Jun-2020
385,Mistatim Industrial,18-May-2020 thru 24-May-2020,2020-05-18,2020-05-24,26-May-2020,Completed,"(53.5918359, -113.6030768)",09/23/2020 10:22:28 AM,NO,Please plan to have your vehicles moved during the day.,Not Applicable,Not Applicable,Not Applicable,Not Applicable
404,Belvedere,18-May-2020 thru 24-May-2020,2020-05-18,2020-05-24,18-May-2020,Completed,"(53.5953368, -113.4326342)",09/23/2020 10:22:28 AM,NO,Please plan to have your vehicles moved during the day.,Not Applicable,Not Applicable,Not Applicable,Not Applicable
453,Parts of Energy and Technology Park,Not Applicable thru Not Applicable,,,Not Applicable,Not Required,"(53.6957544, -113.3329686)",09/23/2020 10:22:28 AM,NO,Please plan to have your vehicles moved during the day.,Not Applicable,Not Applicable,Not Applicable,Not Applicable
223,Bearspaw and Keheewin,20-Apr-2020 thru 26-Apr-2020,2020-04-20,2020-04-26,20-Apr-2020,Completed,"(53.44687972, -113.504654)",09/23/2020 10:22:28 AM,YES,Please plan to have your vehicles moved during the day.,27-Apr-2020 thru 03-May-2020,27-Apr-2020,03-May-2020,27-Apr-2020
107,"Rossdale, and parts of (Downtown and Oliver)",25-May-2020 thru 31-May-2020,2020-05-25,2020-05-31,25-May-2020,Completed,"(53.53262575, -113.4856254)",09/23/2020 10:22:28 AM,NO,Please plan to have your vehicles moved during the day.,Not Applicable,Not Applicable,Not Applicable,Not Applicable
439,Parts of Evergreen and Rural Northeast/Horsehills,Not Applicable thru Not Applicable,,,Not Applicable,Not Required,"(53.6361096, -113.3571508)",09/23/2020 10:22:28 AM,NO,Please plan to have your vehicles moved during the day.,Not Applicable,Not Applicable,Not Applicable,Not Applicable
328,"Secord, and Rural West Lewis Farms",25-May-2020 thru 31-May-2020,2020-05-25,2020-05-31,29-May-2020,Completed,"(53.52687167, -113.7013909)",09/23/2020 10:22:28 AM,NO,Please plan to have your vehicles moved during the day.,Not Applicable,Not Applicable,Not Applicable,Not Applicable
539,The Orchards at Ellerslie,25-May-2020 thru 31-May-2020,2020-05-25,2020-05-31,25-May-2020,Completed,"(53.40319311, -113.4643145)",09/23/2020 10:22:29 AM,NO,Please plan to have your vehicles moved during the day.,Not Applicable,Not Applicable,Not Applicable,Not Applicable
231,"Heritage Valley, Paisley",18-May-2020 thru 24-May-2020,2020-05-18,2020-05-24,20-May-2020,Completed,"(53.409433, -113.549551)",09/23/2020 10:22:28 AM,NO,Please plan to have your vehicles moved during the day.,18-May-2020 thru 24-May-2020,18-May-2020,24-May-2020,19-May-2020
530,Maple and parts of Tamarack,25-May-2020 thru 31-May-2020,2020-05-25,2020-05-31,25-May-2020,Completed,"(53.4726534, -113.356707)",09/23/2020 10:22:29 AM,NO,Please plan to have your vehicles moved during the day.,Not Applicable,Not Applicable,Not Applicable,Not Applicable
531,Silver Berry,25-May-2020 thru 31-May-2020,2020-05-25,2020-05-31,25-May-2020,Completed,"(53.4605775, -113.3816912)",09/23/2020 10:22:29 AM,NO,Please plan to have your vehicles moved during the day.,Not Applicable,Not Applicable,Not Applicable,Not Applicable
578,Parts of Strathcona and Pap schase Industrial,04-May-2020 thru 10-May-2020,2020-05-04,2020-05-10,09-May-2020,Completed,"(53.4767789, -113.4732217)",09/23/2020 10:22:29 AM,YES,Please plan to have your vehicles moved during the day.,04-May-2020 thru 10-May-2020,04-May-2020,10-May-2020,09-May-2020
246,Riverview,25-May-2020 thru 31-May-2020,2020-05-25,2020-05-31,25-May-2020,Completed,"(53.462545, -113.652193)",09/23/2020 10:22:28 AM,NO,Please plan to have your vehicles moved during the day.,Not Applicable,Not Applicable,Not Applicable,Not Applicable
236,Keswick,25-May-2020 thru 31-May-2020,2020-05-25,2020-05-31,25-May-2020,Completed,"(53.40836696, -113.636239)",09/23/2020 10:22:28 AM,NO,Please plan to have your vehicles moved during the day.,Not Applicable,Not Applicable,Not Applicable,Not Applicable
331,"Pembina, Cumberland, and Hudson",20-Apr-2020 thru 26-Apr-2020,2020-04-20,2020-04-26,22-Apr-2020,Completed,"(53.60719646, -113.5535741)",09/23/2020 10:22:28 AM,NO,Please plan to have your vehicles moved during the day.,Not Applicable,Not Applicable,Not Applicable,Not Applicable
386,Kinokamau Industrial,18-May-2020 thru 24-May-2020,2020-05-18,2020-05-24,01-Jun-2020,Completed,"(53.5867959, -113.6273695)",09/23/2020 10:22:28 AM,NO,Please plan to have your vehicles moved during the day.,Not Applicable,Not Applicable,Not Applicable,Not Applicable
376,Dominion Industrial,25-May-2020 thru 31-May-2020,2020-05-25,2020-05-31,26-May-2020,Completed,"(53.5773441, -113.5718615)",09/23/2020 10:22:28 AM,NO,Please plan to have your vehicles moved during the day.,Not Applicable,Not Applicable,Not Applicable,Not Applicable
111,"Rundle Heights, and parts of (Beverly Heights)",18-May-2020 thru 24-May-2020,2020-05-18,2020-05-24,19-May-2020,Completed,"(53.56138275, -113.3878609)",09/23/2020 10:22:28 AM,NO,Please plan to have your vehicles moved during the day.,Not Applicable,Not Applicable,Not Applicable,Not Applicable
411,Glengany,04-May-2020 thru 10-May-2020,2020-05-04,2020-05-10,05-May-2020,Completed,"(53.59605042, -113.4798518)",09/23/2020 10:22:28 AM,NO,Please plan to have your vehicles moved during the day.,Not Applicable,Not Applicable,Not Applicable,Not Applicable
217,"Aspen Gardens, and Westbrook Estates",04-May-2020 thru 10-May-2020,2020-05-04,2020-05-10,04-May-2020,Completed,"(53.4735798, -113.5496494)",09/23/2020 10:22:28 AM,YES,Please plan to have your vehicles moved during the day.,11-May-2020 thru 17-May-2020,11-May-2020,17-May-2020,11-May-2020
582,"Parts of Mcintyre, Davies West, and Coronet Addition Industrial",25-May-2020 thru 31-May-2020,2020-05-25,2020-05-31,25-May-2020,Completed,"(53.4953979, -113.4491986)",09/23/2020 10:22:29 AM,YES,Please plan to have your vehicles moved during the day.,11-May-2020 thru 17-May-2020,11-May-2020,17-May-2020,11-May-2020
305,Woodcroft,27-Apr-2020 thru 03-May-2020,2020-04-27,2020-05-03,29-Apr-2020,Completed,"(53.56473181, -113.5578856)",09/23/2020 10:22:28 AM,NO,Please plan to have your vehicles moved during the day.,Not Applicable,Not Applicable,Not Applicable,Not Applicable
519,Ellerslie,18-May-2020 thru 24-May-2020,2020-05-18,2020-05-24,18-May-2020,Completed,"(53.43221004, -113.4553586)",09/23/2020 10:22:29 AM,NO,Please plan to have your vehicles moved during the day.,Not Applicable,Not Applicable,Not Applicable,18-May-2020
540,Ellerslie Industrial,25-May-2020 thru 31-May-2020,2020-05-25,2020-05-31,25-May-2020,Completed,"(53.417428, -113.487693)",09/23/2020 10:22:29 AM,NO,Please plan to have your vehicles moved during the day.,Not Applicable,Not Applicable,Not Applicable,Not Applicable
216,"Bulyea Heights, and Ogilvie Ridge",11-May-2020 thru 17-May-2020,2020-05-11,2020-05-17,11-May-2020,Completed,"(53.47630789, -113.5645412)",09/23/2020 10:22:28 AM,NO,Please plan to have your vehicles moved during the day.,Not Applicable,Not Applicable,Not Applicable,Not Applicable
440,Parts of Rural Northeast/Horsehills,Not Applicable thru Not Applicable,,,Not Applicable,Not Required,"(53.6417092, -113.3799175)",09/23/2020 10:22:28 AM,NO,Please plan to have your vehicles moved during the day.,Not Applicable,Not Applicable,Not Applicable,Not Applicable
412,Northmount,04-May-2020 thru 10-May-2020,2020-05-04,2020-05-10,06-May-2020,Completed,"(53.60336901, -113.4800313)",09/23/2020 10:22:28 AM,NO,Please plan to have your vehicles moved during the day.,Not Applicable,Not Applicable,Not Applicable,Not Applicable
104,"parts of (Inglewood, Prince Rupert, Queen Mary Park, and Westmount)",20-Apr-2020 thru 26-Apr-2020,2020-04-20,2020-04-26,20-Apr-2020,Completed,"(53.55816568, -113.5270208)",09/23/2020 10:22:28 AM,NO,Please plan to have your vehicles moved during the day.,Not Applicable,Not Applicable,Not Applicable,Not Applicable
525,Jackson Heights and Kiniski Gardens,25-May-2020 thru 31-May-2020,2020-05-25,2020-05-31,25-May-2020,Completed,"(53.47893633, -113.406239)",09/23/2020 10:22:29 AM,NO,Please plan to have your vehicles moved during the day.,Not Applicable,Not Applicable,Not Applicable,Not Applicable
527,"Daly Grove, Pollard Meadows, and Crawford Plains",25-May-2020 thru 31-May-2020,2020-05-25,2020-05-31,25-May-2020,Completed,"(53.44659518, -113.4073389)",09/23/2020 10:22:29 AM,NO,Please plan to have your vehicles moved during the day.,Not Applicable,Not Applicable,Not Applicable,Not Applicable
481,Parts of Clover Bar Area,Not Applicable thru Not Applicable,,,Not Applicable,Not Required,"(53.5774625, -113.3075808)",09/23/2020 10:22:28 AM,NO,Please plan to have your vehicles moved during the day.,Not Applicable,Not Applicable,Not Applicable,Not Applicable
402,"Clareview Campus, Kirkness, Hairsine, and Manning Industrial",25-May-2020 thru 31-May-2020,2020-05-25,2020-05-31,25-May-2020,Completed,"(53.60674478, -113.3987318)",09/23/2020 10:22:28 AM,NO,Please plan to have your vehicles moved during the day.,Not Applicable,Not Applicable,Not Applicable,Not Applicable
413,Evansdale,04-May-2020 thru 10-May-2020,2020-05-04,2020-05-10,06-May-2020,Completed,"(53.61101662, -113.4799865)",09/23/2020 10:22:28 AM,NO,Please plan to have your vehicles moved during the day.,Not Applicable,Not Applicable,Not Applicable,Not Applicable
249,Stillwater,25-May-2020 thru 31-May-2020,2020-05-25,2020-05-31,25-May-2020,Completed,"(53.4497036, -113.6767052)",09/23/2020 10:22:28 AM,NO,Please plan to have your vehicles moved during the day.,Not Applicable,Not Applicable,Not Applicable,Not Applicable
537,Rural Southeast,25-May-2020 thru 31-May-2020,2020-05-25,2020-05-31,25-May-2020,Completed,"(53.409648, -113.4065365)",09/23/2020 10:22:29 AM,NO,Please plan to have your vehicles moved during the day.,Not Applicable,Not Applicable,Not Applicable,Not Applicable
455,Parts of Energy and Technology Park,Not Applicable thru Not Applicable,,,Not Applicable,Not Required,"(53.6996614, -113.3807522)",09/23/2020 10:22:28 AM,NO,Please plan to have your vehicles moved during the day.,Not Applicable,Not Applicable,Not Applicable,Not Applicable
207,"Lendrum Place, University Reasearch Station, and Malmo Plains",27-Apr-2020 thru 03-May-2020,2020-04-27,2020-05-03,27-Apr-2020,Completed,"(53.49089596, -113.5291991)",09/23/2020 10:22:28 AM,YES,Please plan to have your vehicles moved during the day.,04-May-2020 thru 10-May-2020,04-May-2020,10-May-2020,04-May-2020
521,"Charlesworth, and Walker",25-May-2020 thru 31-May-2020,2020-05-25,2020-05-31,25-May-2020,Completed,"(53.42408204, -113.4306483)",09/23/2020 10:22:29 AM,NO,Please plan to have your vehicles moved during the day.,Not Applicable,Not Applicable,Not Applicable,Not Applicable
523,Tawa,11-May-2020 thru 17-May-2020,2020-05-11,2020-05-17,11-May-2020,Completed,"(53.45978371, -113.4285212)",09/23/2020 10:22:29 AM,NO,Please plan to have your vehicles moved during the day.,Not Applicable,Not Applicable,Not Applicable,Not Applicable
319,Parkview,18-May-2020 thru 24-May-2020,2020-05-18,2020-05-24,20-May-2020,Completed,"(53.52417879, -113.5656757)",09/23/2020 10:22:28 AM,NO,Please plan to have your vehicles moved during the day.,Not Applicable,Not Applicable,Not Applicable,Not Applicable
590,Parts of Strathcona,04-May-2020 thru 10-May-2020,2020-05-04,2020-05-10,04-May-2020,Completed,"(53.52496215, -113.4845926)",09/23/2020 10:22:29 AM,YES,Please plan to have your vehicles moved during the day.,27-Apr-2020 thru 03-May-2020,27-Apr-2020,03-May-2020,28-Apr-2020
438,Parts of Marquis and Rural Northeast/South Sturgeon,Not Applicable thru Not Applicable,,,Not Applicable,Not Required,"(53.6364462, -113.3319163)",09/23/2020 10:22:28 AM,NO,Please plan to have your vehicles moved during the day.,Not Applicable,Not Applicable,Not Applicable,Not Applicable
532,Meadows and parts of Tamarack,25-May-2020 thru 31-May-2020,2020-05-25,2020-05-31,25-May-2020,Completed,"(53.453976, -113.355566)",09/23/2020 10:22:29 AM,NO,Please plan to have your vehicles moved during the day.,Not Applicable,Not Applicable,Not Applicable,Not Applicable
245,Cameron Heights,25-May-2020 thru 31-May-2020,2020-05-25,2020-05-31,25-May-2020,Completed,"(53.47138806, -113.6258932)",09/23/2020 10:22:28 AM,NO,Please plan to have your vehicles moved during the day.,Not Applicable,Not Applicable,Not Applicable,Not Applicable
318,"Jasper Park, and Sherwood",18-May-2020 thru 24-May-2020,2020-05-18,2020-05-24,19-May-2020,Completed,"(53.52561499, -113.5843168)",09/23/2020 10:22:28 AM,NO,Please plan to have your vehicles moved during the day.,Not Applicable,Not Applicable,Not Applicable,Not Applicable
428,"McConachie, and CY Becker",18-May-2020 thru 24-May-2020,2020-05-18,2020-05-24,22-May-2020,Completed,"(53.63474149, -113.4184459)",09/23/2020 10:22:28 AM,YES,Please plan to have your vehicles moved during the day.,25-May-2020 thru 31-May-2020,25-May-2020,31-May-2020,TBD
215,"Oleskiw, and Westridge",25-May-2020 thru 31-May-2020,2020-05-25,2020-05-31,25-May-2020,Completed,"(53.49633307, -113.602485)",09/23/2020 10:22:28 AM,NO,Please plan to have your vehicles moved during the day.,Not Applicable,Not Applicable,Not Applicable,Not Applicable
480,Parts of Clover Bar Area,Not Applicable thru Not Applicable,,,Not Applicable,Not Required,"(53.5771785, -113.3328204)",09/23/2020 10:22:28 AM,NO,Please plan to have your vehicles moved during the day.,Not Applicable,Not Applicable,Not Applicable,Not Applicable
391,Winterburn Industrial Area East,18-May-2020 thru 24-May-2020,2020-05-18,2020-05-24,26-May-2020,Completed,"(53.557472, -113.6772416)",09/23/2020 10:22:28 AM,NO,Please plan to have your vehicles moved during the day.,Not Applicable,Not Applicable,Not Applicable,Not Applicable
520,Summerside,25-May-2020 thru 31-May-2020,2020-05-25,2020-05-31,25-May-2020,Completed,"(53.4176162, -113.4614321)",09/23/2020 10:22:29 AM,NO,Please plan to have your vehicles moved during the day.,Not Applicable,Not Applicable,Not Applicable,Not Applicable
381,"Carleton Square, Hawin Park, Mitchell and Gagnon Estate Industrial",25-May-2020 thru 31-May-2020,2020-05-25,2020-05-31,26-May-2020,Completed,"(53.5767499, -113.5960905)",09/23/2020 10:22:28 AM,NO,Please plan to have your vehicles moved during the day.,Not Applicable,Not Applicable,Not Applicable,Not Applicable
576,South Edmonton Common and Edmonton Research and Development Park,11-May-2020 thru 17-May-2020,2020-05-11,2020-05-17,11-May-2020,Completed,"(53.445344, -113.480471)",09/23/2020 10:22:29 AM,YES,Please plan to have your vehicles moved during the day.,11-May-2020 thru 17-May-2020,11-May-2020,17-May-2020,11-May-2020
310,Britannia/Youngstown and Mayfield,11-May-2020 thru 17-May-2020,2020-05-11,2020-05-17,12-May-2020,Completed,"(53.54999869, -113.6029574)",09/23/2020 10:22:28 AM,NO,Please plan to have your vehicles moved during the day.,Not Applicable,Not Applicable,Not Applicable,Not Applicable
384,Place Larue and parts of Terra Losa,25-May-2020 thru 31-May-2020,2020-05-25,2020-05-31,26-May-2020,Completed,"(53.5396526, -113.6354984)",09/23/2020 10:22:28 AM,NO,Please plan to have your vehicles moved during the day.,Not Applicable,Not Applicable,Not Applicable,Not Applicable
333,Albamy and Goodridge Corners,20-Apr-2020 thru 26-Apr-2020,2020-04-20,2020-04-26,20-Apr-2020,Completed,"(53.639774, -113.555467)",09/23/2020 10:22:28 AM,NO,Please plan to have your vehicles moved during the day.,Not Applicable,Not Applicable,Not Applicable,Not Applicable
522,Meyokumin and Sakaw,18-May-2020 thru 24-May-2020,2020-05-18,2020-05-24,11-May-2020,Completed,"(53.44581256, -113.4293696)",09/23/2020 10:22:29 AM,NO,Please plan to have your vehicles moved during the day.,Not Applicable,Not Applicable,Not Applicable,Not Applicable
227,"Allard, and Callaghan",20-Apr-2020 thru 26-Apr-2020,2020-04-20,2020-04-26,21-Apr-2020,Completed,"(53.40417202, -113.5256483)",09/23/2020 10:22:28 AM,NO,Please plan to have your vehicles moved during the day.,Not Applicable,Not Applicable,Not Applicable,Not Applicable
251,Riverview,25-May-2020 thru 31-May-2020,2020-05-25,2020-05-31,25-May-2020,Completed,"(53.414598, -113.676347)",09/23/2020 10:22:28 AM,NO,Please plan to have your vehicles moved during the day.,Not Applicable,Not Applicable,Not Applicable,Not Applicable
221,"Blue Quill, Skyrattler, and Sweet Grass",20-Apr-2020 thru 26-Apr-2020,2020-04-20,2020-04-26,20-Apr-2020,Completed,"(53.45960552, -113.5326528)",09/23/2020 10:22:28 AM,YES,Please plan to have your vehicles moved during the day.,27-Apr-2020 thru 03-May-2020,27-Apr-2020,03-May-2020,27-Apr-2020
202,"Windsor Park, and U of A",27-Apr-2020 thru 03-May-2020,2020-04-27,2020-05-03,30-Apr-2020,Completed,"(53.52639795, -113.5273222)",09/23/2020 10:22:28 AM,YES,Please plan to have your vehicles moved during the day.,04-May-2020 thru 10-May-2020,04-May-2020,10-May-2020,04-May-2020
506,"Cloverdale, and Strathearn",20-Apr-2020 thru 26-Apr-2020,2020-04-20,2020-04-26,21-Apr-2020,Completed,"(53.53181909, -113.4645749)",09/23/2020 10:22:28 AM,YES,Please plan to have your vehicles moved during the day.,27-Apr-2020 thru 03-May-2020,27-Apr-2020,03-May-2020,27-Apr-2020
587,Eastgate Business Park,11-May-2020 thru 17-May-2020,2020-05-11,2020-05-17,11-May-2020,Completed,"(53.5328172, -113.4067374)",09/23/2020 10:22:29 AM,YES,Please plan to have your vehicles moved during the day.,27-Apr-2020 thru 03-May-2020,27-Apr-2020,03-May-2020,27-Apr-2020
400,"Canon Ridge, Homesteader, Overlanders",25-May-2020 thru 31-May-2020,2020-05-25,2020-05-31,29-May-2020,Completed,"(53.5806256, -113.3882429)",09/23/2020 10:22:28 AM,NO,Please plan to have your vehicles moved during the day.,Not Applicable,Not Applicable,Not Applicable,Not Applicable
443,Parts of Marquis and Rural Northeast/South Sturgeon,Not Applicable thru Not Applicable,,,Not Applicable,Not Required,"(53.6534042, -113.3559796)",09/23/2020 10:22:28 AM,NO,Please plan to have your vehicles moved during the day.,Not Applicable,Not Applicable,Not Applicable,Not Applicable
518,"Satoo, Menisa, and Ekota",25-May-2020 thru 31-May-2020,2020-05-25,2020-05-31,25-May-2020,Completed,"(53.44587987, -113.4522761)",09/23/2020 10:22:29 AM,NO,Please plan to have your vehicles moved during the day.,Not Applicable,Not Applicable,Not Applicable,Not Applicable
247,Riverview,25-May-2020 thru 31-May-2020,2020-05-25,2020-05-31,25-May-2020,Completed,"(53.45827, -113.630559)",09/23/2020 10:22:28 AM,NO,Please plan to have your vehicles moved during the day.,Not Applicable,Not Applicable,Not Applicable,Not Applicable
475,Parts of Industrial Heights and Kennedale Industrial,25-May-2020 thru 31-May-2020,2020-05-25,2020-05-31,27-May-2020,Completed,"(53.5855442, -113.4329278)",09/23/2020 10:22:28 AM,NO,Please plan to have your vehicles moved during the day.,Not Applicable,Not Applicable,Not Applicable,Not Applicable
581,"Parts of Mcintyre, Davies West, and Coronet Addition Industrial",25-May-2020 thru 31-May-2020,2020-05-25,2020-05-31,25-May-2020,Completed,"(53.4916049, -113.4614294)",09/23/2020 10:22:29 AM,YES,Please plan to have your vehicles moved during the day.,27-Apr-2020 thru 03-May-2020,27-Apr-2020,03-May-2020,27-Apr-2020
584,Girard Industrial and parts of Davies East and Gainer Industrial,18-May-2020 thru 24-May-2020,2020-05-18,2020-05-24,18-May-2020,Completed,"(53.5106552, -113.42926)",09/23/2020 10:22:29 AM,YES,Please plan to have your vehicles moved during the day.,27-Apr-2020 thru 03-May-2020,27-Apr-2020,03-May-2020,27-Apr-2020
419,"Caernarvon, Baranow, and Carlisle",20-Apr-2020 thru 26-Apr-2020,2020-04-20,2020-04-26,23-Apr-2020,Completed,"(53.60831821, -113.5292185)",09/23/2020 10:22:28 AM,NO,Please plan to have your vehicles moved during the day.,Not Applicable,Not Applicable,Not Applicable,Not Applicable
316,West Meadowlark Park,11-May-2020 thru 17-May-2020,2020-05-11,2020-05-17,11-May-2020,Completed,"(53.53055361, -113.6093443)",09/23/2020 10:22:28 AM,YES,Please plan to have your vehicles moved during the day.,04-May-2020 thru 10-May-2020,04-May-2020,10-May-2020,08-May-2020
586,Plyplow Industrial,11-May-2020 thru 17-May-2020,2020-05-11,2020-05-17,11-May-2020,Completed,"(53.4959091, -113.406548)",09/23/2020 10:22:29 AM,YES,Please plan to have your vehicles moved during the day.,27-Apr-2020 thru 03-May-2020,27-Apr-2020,03-May-2020,27-Apr-2020
447,Parts of Energy and Technology Park,Not Applicable thru Not Applicable,,,Not Applicable,Not Required,"(53.6725348, -113.412453)",09/23/2020 10:22:28 AM,NO,Please plan to have your vehicles moved during the day.,Not Applicable,Not Applicable,Not Applicable,Not Applicable
241,The Hamptons,25-May-2020 thru 31-May-2020,2020-05-25,2020-05-31,25-May-2020,Completed,"(53.48773348, -113.6756852)",09/23/2020 10:22:28 AM,NO,Please plan to have your vehicles moved during the day.,Not Applicable,Not Applicable,Not Applicable,Not Applicable
533,Laurel,25-May-2020 thru 31-May-2020,2020-05-25,2020-05-31,25-May-2020,Completed,"(53.44597588, -113.3817062)",09/23/2020 10:22:29 AM,NO,Please plan to have your vehicles moved during the day.,Not Applicable,Not Applicable,Not Applicable,Not Applicable
387,"Starling, and parts of (Kinokamau Plains Area)",01-Jun-2020 thru 07-Jun-2020,2020-06-01,2020-06-07,01-Jun-2020,Completed,"(53.58691162, -113.6518244)",09/23/2020 10:22:28 AM,YES,Please plan to have your vehicles moved during the day.,04-May-2020 thru 10-May-2020,04-May-2020,10-May-2020,06-May-2020
388,Trumpeter,01-Jun-2020 thru 07-Jun-2020,2020-06-01,2020-06-07,03-Jun-2020,Completed,"(53.58522858, -113.6762884)",09/23/2020 10:22:28 AM,NO,Please plan to have your vehicles moved during the day.,Not Applicable,Not Applicable,Not Applicable,Not Applicable
375,Bonaventure Industrial,25-May-2020 thru 31-May-2020,2020-05-25,2020-05-31,26-May-2020,Completed,"(53.5922319, -113.5769099)",09/23/2020 10:22:28 AM,NO,Please plan to have your vehicles moved during the day.,Not Applicable,Not Applicable,Not Applicable,Not Applicable
503,King Edward Park,04-May-2020 thru 10-May-2020,2020-05-04,2020-05-10,04-May-2020,Completed,"(53.51527775, -113.4549076)",09/23/2020 10:22:28 AM,NO,Please plan to have your vehicles moved during the day.,11-May-2020 thru 17-May-2020,11-May-2020,17-May-2020,11-May-2020
476,Parts of Clover Bar Area,Not Applicable thru Not Applicable,,,Not Applicable,Completed,"(53.5934311, -113.3575012)",09/23/2020 10:22:28 AM,NO,Please plan to have your vehicles moved during the day.,Not Applicable,Not Applicable,Not Applicable,Not Applicable
445,Parts of Energy and Technology Park,Not Applicable thru Not Applicable,,,Not Applicable,Not Required,"(53.6505648, -113.4060023)",09/23/2020 10:22:28 AM,NO,Please plan to have your vehicles moved during the day.,Not Applicable,Not Applicable,Not Applicable,Not Applicable
535,Rural Southeast,25-May-2020 thru 31-May-2020,2020-05-25,2020-05-31,25-May-2020,Completed,"(53.4097523, -113.3570991)",09/23/2020 10:22:29 AM,NO,Please plan to have your vehicles moved during the day.,Not Applicable,Not Applicable,Not Applicable,Not Applicable
417,Calder,20-Apr-2020 thru 26-Apr-2020,2020-04-20,2020-04-26,20-Apr-2020,Completed,"(53.58624272, -113.5290037)",09/23/2020 10:22:28 AM,NO,Please plan to have your vehicles moved during the day.,Not Applicable,Not Applicable,Not Applicable,Not Applicable
414,Griesbach,27-Apr-2020 thru 03-May-2020,2020-04-27,2020-05-03,01-May-2020,Completed,"(53.60697163, -113.5046291)",09/23/2020 10:22:28 AM,NO,Please plan to have your vehicles moved during the day.,Not Applicable,Not Applicable,Not Applicable,Not Applicable
239,Rhatigan Ridge and Falconer Heights,25-May-2020 thru 31-May-2020,2020-05-25,2020-05-31,25-May-2020,Completed,"(53.4710685, -113.5921474)",09/23/2020 10:22:28 AM,NO,Please plan to have your vehicles moved during the day.,Not Applicable,Not Applicable,Not Applicable,Not Applicable
220,Greenfield,27-Apr-2020 thru 03-May-2020,2020-04-27,2020-05-03,27-Apr-2020,Completed,"(53.47128014, -113.5279147)",09/23/2020 10:22:28 AM,NO,Please plan to have your vehicles moved during the day.,Not Applicable,Not Applicable,Not Applicable,Not Applicable
234,Ambleside,11-May-2020 thru 17-May-2020,2020-05-11,2020-05-17,11-May-2020,Completed,"(53.43410265, -113.6029153)",09/23/2020 10:22:28 AM,NO,Please plan to have your vehicles moved during the day.,Not Applicable,Not Applicable,Not Applicable,Not Applicable
448,Parts of Energy and Technology Park,Not Applicable thru Not Applicable,,,Not Applicable,Not Required,"(53.6731479, -113.3808326)",09/23/2020 10:22:28 AM,NO,Please plan to have your vehicles moved during the day.,Not Applicable,Not Applicable,Not Applicable,Not Applicable
225,Blackburne,20-Apr-2020 thru 26-Apr-2020,2020-04-20,2020-04-26,21-Apr-2020,Completed,"(53.43223145, -113.5047877)",09/23/2020 10:22:28 AM,NO,Please plan to have your vehicles moved during the day.,Not Applicable,Not Applicable,Not Applicable,Not Applicable
105,"parts of (Oliver, and Westmount)",18-May-2020 thru 24-May-2020,2020-05-18,2020-05-24,19-May-2020,Completed,"(53.53987205, -113.5228492)",09/23/2020 10:22:28 AM,NO,Please plan to have your vehicles moved during the day.,Not Applicable,Not Applicable,Not Applicable,Not Applicable
115,"Delton and parts of (Alberta Avenue, and Eastwood)",04-May-2020 thru 10-May-2020,2020-05-04,2020-05-10,04-May-2020,Completed,"(53.57617058, -113.4799895)",09/23/2020 10:22:28 AM,NO,Please plan to have your vehicles moved during the day.,Not Applicable,Not Applicable,Not Applicable,Not Applicable
426,Mayliewan and Ozerna,11-May-2020 thru 17-May-2020,2020-05-11,2020-05-17,12-May-2020,Completed,"(53.62244735, -113.4554128)",09/23/2020 10:22:28 AM,NO,Please plan to have your vehicles moved during the day.,Not Applicable,Not Applicable,Not Applicable,Not Applicable
309,Canora and Highpark,11-May-2020 thru 17-May-2020,2020-05-11,2020-05-17,11-May-2020,Completed,"(53.55022467, -113.5843894)",09/23/2020 10:22:28 AM,NO,Please plan to have your vehicles moved during the day.,Not Applicable,Not Applicable,Not Applicable,Not Applicable
424,"Belle Rive, and Eaux Claires",04-May-2020 thru 10-May-2020,2020-05-04,2020-05-10,07-May-2020,Completed,"(53.62157311, -113.480112)",09/23/2020 10:22:28 AM,YES,Please plan to have your vehicles moved during the day.,11-May-2020 thru 17-May-2020,11-May-2020,17-May-2020,11-May-2020
306,parts of Inglewood,04-May-2020 thru 10-May-2020,2020-05-04,2020-05-10,05-May-2020,Completed,"(53.56472402, -113.5437956)",09/23/2020 10:22:28 AM,NO,Please plan to have your vehicles moved during the day.,Not Applicable,Not Applicable,Not Applicable,Not Applicable
315,parts of Glenwood,11-May-2020 thru 17-May-2020,2020-05-11,2020-05-17,15-May-2020,Completed,"(53.53653998, -113.5966534)",09/23/2020 10:22:28 AM,NO,Please plan to have your vehicles moved during the day.,Not Applicable,Not Applicable,Not Applicable,Not Applicable
203,Belgravia,04-May-2020 thru 10-May-2020,2020-05-04,2020-05-10,04-May-2020,Completed,"(53.5102983, -113.5356211)",09/23/2020 10:22:28 AM,NO,Please plan to have your vehicles moved during the day.,11-May-2020 thru 17-May-2020,11-May-2020,17-May-2020,11-May-2020
314,West Jasper Place,11-May-2020 thru 17-May-2020,2020-05-11,2020-05-17,14-May-2020,Completed,"(53.53648738, -113.5843134)",09/23/2020 10:22:28 AM,NO,Please plan to have your vehicles moved during the day.,Not Applicable,Not Applicable,Not Applicable,Not Applicable
248,Riverview,25-May-2020 thru 31-May-2020,2020-05-25,2020-05-31,25-May-2020,Completed,"(53.447325, -113.651914)",09/23/2020 10:22:28 AM,NO,Please plan to have your vehicles moved during the day.,Not Applicable,Not Applicable,Not Applicable,Not Applicable
229,MacEwan,20-Apr-2020 thru 26-Apr-2020,2020-04-20,2020-04-26,21-Apr-2020,Completed,"(53.43103153, -113.5295443)",09/23/2020 10:22:28 AM,NO,Please plan to have your vehicles moved during the day.,Not Applicable,Not Applicable,Not Applicable,Not Applicable
237,Carter Crest and Leger,11-May-2020 thru 17-May-2020,2020-05-11,2020-05-17,11-May-2020,Completed,"(53.46148846, -113.5682401)",09/23/2020 10:22:28 AM,NO,Please plan to have your vehicles moved during the day.,Not Applicable,Not Applicable,Not Applicable,Not Applicable
378,Sheffield and High Park Industrial,25-May-2020 thru 31-May-2020,2020-05-25,2020-05-31,26-May-2020,Completed,"(53.5612314, -113.5904991)",09/23/2020 10:22:28 AM,NO,Please plan to have your vehicles moved during the day.,Not Applicable,Not Applicable,Not Applicable,Not Applicable
529,"Larkspur, Wild Rose",25-May-2020 thru 31-May-2020,2020-05-25,2020-05-31,25-May-2020,Completed,"(53.4752262, -113.3816149)",09/23/2020 10:22:29 AM,NO,Please plan to have your vehicles moved during the day.,Not Applicable,Not Applicable,Not Applicable,Not Applicable
501,"Hazeldean, and Argyll",04-May-2020 thru 10-May-2020,2020-05-04,2020-05-10,04-May-2020,Completed,"(53.50567126, -113.4724132)",09/23/2020 10:22:28 AM,NO,Please plan to have your vehicles moved during the day.,11-May-2020 thru 17-May-2020,11-May-2020,17-May-2020,11-May-2020
423,"Klavatten, and Lago Lindo",04-May-2020 thru 10-May-2020,2020-05-04,2020-05-10,11-May-2020,Completed,"(53.63970988, -113.4791312)",09/23/2020 10:22:28 AM,YES,Please plan to have your vehicles moved during the day.,11-May-2020 thru 17-May-2020,11-May-2020,17-May-2020,11-May-2020
513,Kenilworth,27-Apr-2020 thru 03-May-2020,2020-04-27,2020-05-03,27-Apr-2020,Completed,"(53.52170998, -113.4309968)",09/23/2020 10:22:28 AM,YES,Please plan to have your vehicles moved during the day.,04-May-2020 thru 10-May-2020,04-May-2020,10-May-2020,04-May-2020
312,parts of Glenora and Westmount,04-May-2020 thru 10-May-2020,2020-05-04,2020-05-10,07-May-2020,Completed,"(53.5423397, -113.5509181)",09/23/2020 10:22:28 AM,NO,Please plan to have your vehicles moved during the day.,Not Applicable,Not Applicable,Not Applicable,Not Applicable
100,"McCauley, and parts of (Alberta Avenue)",04-May-2020 thru 10-May-2020,2020-05-04,2020-05-10,04-May-2020,Completed,"(53.55582659, -113.4818267)",09/23/2020 10:22:26 AM,NO,Please plan to have your vehicles moved during the day.,Not Applicable,Not Applicable,Not Applicable,Not Applicable
579,Parts of Strathcona and Pap schase Industrial,04-May-2020 thru 10-May-2020,2020-05-04,2020-05-10,09-May-2020,Completed,"(53.4776525, -113.4856741)",09/23/2020 10:22:29 AM,YES,Please plan to have your vehicles moved during the day.,04-May-2020 thru 10-May-2020,04-May-2020,10-May-2020,09-May-2020
329,Mistatim Industrial,18-May-2020 thru 24-May-2020,2020-05-18,2020-05-24,27-May-2020,Completed,"(53.6062844, -113.6053492)",09/23/2020 10:22:28 AM,NO,Please plan to have your vehicles moved during the day.,Not Applicable,Not Applicable,Not Applicable,Not Applicable
585,"Parts of Weir, Morris and Lambton Industrial",11-May-2020 thru 17-May-2020,2020-05-11,2020-05-17,11-May-2020,Completed,"(53.5155562, -113.4063691)",09/23/2020 10:22:29 AM,YES,Please plan to have your vehicles moved during the day.,27-Apr-2020 thru 03-May-2020,27-Apr-2020,03-May-2020,27-Apr-2020
416,Lauderdale,27-Apr-2020 thru 03-May-2020,2020-04-27,2020-05-03,29-Apr-2020,Completed,"(53.5865816, -113.5044716)",09/23/2020 10:22:28 AM,YES,Please plan to have your vehicles moved during the day.,04-May-2020 thru 10-May-2020,04-May-2020,10-May-2020,05-May-2020
431,Gorman,Not Applicable thru Not Applicable,,,Not Applicable,Not Required,"(53.6223204, -113.3835373)",09/23/2020 10:22:28 AM,NO,Please plan to have your vehicles moved during the day.,Not Applicable,Not Applicable,Not Applicable,Not Applicable
538,Mattson and parts of The Orchards at Ellerslie,25-May-2020 thru 31-May-2020,2020-05-25,2020-05-31,25-May-2020,Completed,"(53.4018153, -113.4319951)",09/23/2020 10:22:29 AM,NO,Please plan to have your vehicles moved during the day.,Not Applicable,Not Applicable,Not Applicable,Not Applicable
303,"Sherbrooke, and parts of (Hagman Estate Industrial)",27-Apr-2020 thru 03-May-2020,2020-04-27,2020-05-03,28-Apr-2020,Completed,"(53.57782219, -113.5501884)",09/23/2020 10:22:28 AM,NO,Please plan to have your vehicles moved during the day.,Not Applicable,Not Applicable,Not Applicable,Not Applicable
214,"Callingwood South, and Ormsby Place",25-May-2020 thru 31-May-2020,2020-05-25,2020-05-31,25-May-2020,Completed,"(53.4994241, -113.6390561)",09/23/2020 10:22:28 AM,NO,Please plan to have your vehicles moved during the day.,Not Applicable,Not Applicable,Not Applicable,Not Applicable
116,"Westwood, and parts of (Spruce Avenue)",27-Apr-2020 thru 03-May-2020,2020-04-27,2020-05-03,27-Apr-2020,Completed,"(53.57015894, -113.4986147)",09/23/2020 10:22:28 AM,NO,Please plan to have your vehicles moved during the day.,Not Applicable,Not Applicable,Not Applicable,Not Applicable
212,"Callingwood North, and Lymburn",25-May-2020 thru 31-May-2020,2020-05-25,2020-05-31,25-May-2020,Completed,"(53.50785242, -113.6393124)",09/23/2020 10:22:28 AM,NO,Please plan to have your vehicles moved during the day.,Not Applicable,Not Applicable,Not Applicable,Not Applicable
429,Dunluce,27-Apr-2020 thru 03-May-2020,2020-04-27,2020-05-03,27-Apr-2020,Completed,"(53.62170265, -113.5304934)",09/23/2020 10:22:28 AM,NO,Please plan to have your vehicles moved during the day.,Not Applicable,Not Applicable,Not Applicable,Not Applicable
420,"Canossa, and Rapperswill",27-Apr-2020 thru 03-May-2020,2020-04-27,2020-05-03,29-Apr-2020,Completed,"(53.63976132, -113.529027)",09/23/2020 10:22:28 AM,NO,Please plan to have your vehicles moved during the day.,Not Applicable,Not Applicable,Not Applicable,Not Applicable
514,"Micheals Park, and Tweddle Place",11-May-2020 thru 17-May-2020,2020-05-11,2020-05-17,11-May-2020,Completed,"(53.47892087, -113.4549901)",09/23/2020 10:22:29 AM,NO,Please plan to have your vehicles moved during the day.,Not Applicable,Not Applicable,Not Applicable,Not Applicable
321,Lynnwood,18-May-2020 thru 24-May-2020,2020-05-18,2020-05-24,19-May-2020,Completed,"(53.51598506, -113.5875786)",09/23/2020 10:22:28 AM,NO,Please plan to have your vehicles moved during the day.,Not Applicable,Not Applicable,Not Applicable,Not Applicable
110,parts of (Beverly Heights),18-May-2020 thru 24-May-2020,2020-05-18,2020-05-24,19-May-2020,Completed,"(53.56428329, -113.4092887)",09/23/2020 10:22:28 AM,NO,Please plan to have your vehicles moved during the day.,Not Applicable,Not Applicable,Not Applicable,Not Applicable
304,Dovercourt,27-Apr-2020 thru 03-May-2020,2020-04-27,2020-05-03,27-Apr-2020,Completed,"(53.57625143, -113.5578384)",09/23/2020 10:22:28 AM,YES,Please plan to have your vehicles moved during the day.,20-Apr-2020 thru 26-Apr-2020,20-Apr-2020,26-Apr-2020,23-Apr-2020
524,"Greenview, and Hillview",11-May-2020 thru 17-May-2020,2020-05-11,2020-05-17,11-May-2020,Completed,"(53.47614412, -113.4294031)",09/23/2020 10:22:29 AM,NO,Please plan to have your vehicles moved during the day.,Not Applicable,Not Applicable,Not Applicable,Not Applicable
528,Charlesworth East of 50 street SW,18-May-2020 thru 24-May-2020,2020-05-18,2020-05-24,21-May-2020,Completed,"(53.4303941, -113.4060597)",09/23/2020 10:22:29 AM,NO,Please plan to have your vehicles moved during the day.,Not Applicable,Not Applicable,Not Applicable,Not Applicable
218,Royal Gardens,27-Apr-2020 thru 03-May-2020,2020-04-27,2020-05-03,27-Apr-2020,Completed,"(53.47967017, -113.5288913)",09/23/2020 10:22:28 AM,NO,Please plan to have your vehicles moved during the day.,Not Applicable,Not Applicable,Not Applicable,Not Applicable
589,Maple Ridge and Maple Ridge Industrial,18-May-2020 thru 24-May-2020,2020-05-18,2020-05-24,18-May-2020,Completed,"(53.4990479, -113.356996)",09/23/2020 10:22:29 AM,YES,Please plan to have your vehicles moved during the day.,27-Apr-2020 thru 03-May-2020,27-Apr-2020,03-May-2020,27-Apr-2020
301,Athlone,27-Apr-2020 thru 03-May-2020,2020-04-27,2020-05-03,27-Apr-2020,Completed,"(53.58837176, -113.5516239)",09/23/2020 10:22:28 AM,NO,Please plan to have your vehicles moved during the day.,Not Applicable,Not Applicable,Not Applicable,Not Applicable
536,Rural Southeast,25-May-2020 thru 31-May-2020,2020-05-25,2020-05-31,25-May-2020,Completed,"(53.410252, -113.381488)",09/23/2020 10:22:29 AM,NO,Please plan to have your vehicles moved during the day.,Not Applicable,Not Applicable,Not Applicable,Not Applicable
300,Wellington,20-Apr-2020 thru 26-Apr-2020,2020-04-20,2020-04-26,20-Apr-2020,Completed,"(53.59592617, -113.5534274)",09/23/2020 10:22:28 AM,NO,Please plan to have your vehicles moved during the day.,Not Applicable,Not Applicable,Not Applicable,Not Applicable
250,Riverview,25-May-2020 thru 31-May-2020,2020-05-25,2020-05-31,25-May-2020,Completed,"(53.432323, -113.669981)",09/23/2020 10:22:28 AM,NO,Please plan to have your vehicles moved during the day.,Not Applicable,Not Applicable,Not Applicable,Not Applicable
433,"Fraser, and Bannerman",01-Jun-2020 thru 07-Jun-2020,2020-06-01,2020-06-07,29-May-2020,Completed,"(53.60802318, -113.372491)",09/23/2020 10:22:28 AM,YES,Please plan to have your vehicles moved during the day.,01-Jun-2020 thru 07-Jun-2020,01-Jun-2020,07-Jun-2020,01-Jun-2020
317,Meadowlark Park,18-May-2020 thru 24-May-2020,2020-05-18,2020-05-24,22-May-2020,Completed,"(53.5256394, -113.5967571)",09/23/2020 10:22:28 AM,YES,Please plan to have your vehicles moved during the day.,01-Jun-2020 thru 07-Jun-2020,01-Jun-2020,07-Jun-2020,03-Jun-2020
302,"Prince Charles, and parts of (Hagman Estate Industrial)",27-Apr-2020 thru 03-May-2020,2020-04-27,2020-05-03,27-Apr-2020,Completed,"(53.57694666, -113.5362037)",09/23/2020 10:22:28 AM,YES,Please plan to have your vehicles moved during the day.,20-Apr-2020 thru 26-Apr-2020,20-Apr-2020,26-Apr-2020,24-Apr-2020
434,Rural Northeast/South Sturgeon,Not Applicable thru Not Applicable,,,Not Applicable,Not Required,"(53.6100373, -113.3315832)",09/23/2020 10:22:28 AM,NO,Please plan to have your vehicles moved during the day.,Not Applicable,Not Applicable,Not Applicable,Not Applicable
510,Capilano,20-Apr-2020 thru 26-Apr-2020,2020-04-20,2020-04-26,21-Apr-2020,Completed,"(53.55599501, -113.4186228)",09/23/2020 10:22:28 AM,NO,Please plan to have your vehicles moved during the day.,Not Applicable,Not Applicable,Not Applicable,Not Applicable
526,"Bisset, Weinlos, and Minchau",25-May-2020 thru 31-May-2020,2020-05-25,2020-05-31,25-May-2020,Completed,"(53.46347893, -113.4076757)",09/23/2020 10:22:29 AM,NO,Please plan to have your vehicles moved during the day.,Not Applicable,Not Applicable,Not Applicable,Not Applicable
577,Parsons Industrial,27-Apr-2020 thru 03-May-2020,2020-04-27,2020-05-03,27-Apr-2020,Completed,"(53.4601032, -113.4803172)",09/23/2020 10:22:29 AM,YES,Please plan to have your vehicles moved during the day.,27-Apr-2020 thru 03-May-2020,27-Apr-2020,03-May-2020,27-Apr-2020
117,"Blatchford, and parts of (Spruce Avenue)",18-May-2020 thru 24-May-2020,2020-05-18,2020-05-24,19-May-2020,Completed,"(53.57029574, -113.5168037)",09/23/2020 10:22:28 AM,NO,Please plan to have your vehicles moved during the day.,Not Applicable,Not Applicable,Not Applicable,Not Applicable
206,"Empire Park, and Pleasantview",27-Apr-2020 thru 03-May-2020,2020-04-27,2020-05-03,27-Apr-2020,Completed,"(53.49010703, -113.5045143)",09/23/2020 10:22:28 AM,YES,Please plan to have your vehicles moved during the day.,04-May-2020 thru 10-May-2020,04-May-2020,10-May-2020,04-May-2020
452,Rural Northeast/Horsehills,Not Applicable thru Not Applicable,,,Not Applicable,Not Required,"(53.7024279, -113.3073155)",09/23/2020 10:22:28 AM,NO,Please plan to have your vehicles moved during the day.,Not Applicable,Not Applicable,Not Applicable,Not Applicable
588,Southeast Industrial,18-May-2020 thru 24-May-2020,2020-05-18,2020-05-24,18-May-2020,Completed,"(53.4990487, -113.3812302)",09/23/2020 10:22:29 AM,YES,Please plan to have your vehicles moved during the day.,27-Apr-2020 thru 03-May-2020,27-Apr-2020,03-May-2020,27-Apr-2020
410,Killarney,04-May-2020 thru 10-May-2020,2020-05-04,2020-05-10,04-May-2020,Completed,"(53.588005, -113.4798154)",09/23/2020 10:22:28 AM,NO,Please plan to have your vehicles moved during the day.,Not Applicable,Not Applicable,Not Applicable,Not Applicable
106,parts of (Boyle Street and Downtown),25-May-2020 thru 31-May-2020,2020-05-25,2020-05-31,25-May-2020,Completed,"(53.54343509, -113.4932697)",09/23/2020 10:22:28 AM,NO,Please plan to have your vehicles moved during the day.,Not Applicable,Not Applicable,Not Applicable,Not Applicable
324,Aldergrove,25-May-2020 thru 31-May-2020,2020-05-25,2020-05-31,25-May-2020,Completed,"(53.51713752, -113.6453692)",09/23/2020 10:22:28 AM,NO,Please plan to have your vehicles moved during the day.,Not Applicable,Not Applicable,Not Applicable,Not Applicable
325,"Summerlea, and Terra Losa",25-May-2020 thru 31-May-2020,2020-05-25,2020-05-31,25-May-2020,Completed,"(53.5273811, -113.6233874)",09/23/2020 10:22:28 AM,NO,Please plan to have your vehicles moved during the day.,Not Applicable,Not Applicable,Not Applicable,Not Applicable
517,"Meyonohk, and Millwoods Park",11-May-2020 thru 17-May-2020,2020-05-11,2020-05-17,11-May-2020,Completed,"(53.45552754, -113.4511899)",09/23/2020 10:22:29 AM,NO,Please plan to have your vehicles moved during the day.,Not Applicable,Not Applicable,Not Applicable,Not Applicable
238,"Henderson Estates, and Haddow",25-May-2020 thru 31-May-2020,2020-05-25,2020-05-31,25-May-2020,Completed,"(53.47637305, -113.6073468)",09/23/2020 10:22:28 AM,NO,Please plan to have your vehicles moved during the day.,Not Applicable,Not Applicable,Not Applicable,Not Applicable
313,Crestwood,11-May-2020 thru 17-May-2020,2020-05-11,2020-05-17,13-May-2020,Completed,"(53.53523699, -113.5677483)",09/23/2020 10:22:28 AM,NO,Please plan to have your vehicles moved during the day.,Not Applicable,Not Applicable,Not Applicable,Not Applicable
210,"Brander Gardens, and Ramsay Heights",25-May-2020 thru 31-May-2020,2020-05-25,2020-05-31,25-May-2020,Completed,"(53.49084443, -113.5789745)",09/23/2020 10:22:28 AM,NO,Please plan to have your vehicles moved during the day.,Not Applicable,Not Applicable,Not Applicable,Not Applicable
219,"Duggan, and Rideau Park",27-Apr-2020 thru 03-May-2020,2020-04-27,2020-05-03,27-Apr-2020,Completed,"(53.4747232, -113.5038)",09/23/2020 10:22:28 AM,NO,Please plan to have your vehicles moved during the day.,Not Applicable,Not Applicable,Not Applicable,Not Applicable
380,"Norwester, Alberta park and Garside Industrial",25-May-2020 thru 31-May-2020,2020-05-25,2020-05-31,26-May-2020,Completed,"(53.5669823, -113.5970576)",09/23/2020 10:22:28 AM,NO,Please plan to have your vehicles moved during the day.,Not Applicable,Not Applicable,Not Applicable,Not Applicable
505,Holyrood,20-Apr-2020 thru 26-Apr-2020,2020-04-20,2020-04-26,21-Apr-2020,Completed,"(53.53152219, -113.450387)",09/23/2020 10:22:28 AM,YES,Please plan to have your vehicles moved during the day.,27-Apr-2020 thru 03-May-2020,27-Apr-2020,03-May-2020,27-Apr-2020
205,"Allendale, and as parts (Queen Alexandra)",04-May-2020 thru 10-May-2020,2020-05-04,2020-05-10,04-May-2020,Completed,"(53.505301, -113.5030715)",09/23/2020 10:22:28 AM,NO,Please plan to have your vehicles moved during the day.,11-May-2020 thru 17-May-2020,11-May-2020,17-May-2020,11-May-2020
512,Ottewell,27-Apr-2020 thru 03-May-2020,2020-04-27,2020-05-03,27-Apr-2020,Completed,"(53.53167377, -113.4309449)",09/23/2020 10:22:28 AM,YES,Please plan to have your vehicles moved during the day.,04-May-2020 thru 10-May-2020,04-May-2020,10-May-2020,04-May-2020
389,"Hawks Ridge, Rural West Big Lake, and Big Lake Estate",01-Jun-2020 thru 07-Jun-2020,2020-06-01,2020-06-07,01-Jun-2020,Completed,"(53.58146436, -113.7015849)",09/23/2020 10:22:28 AM,YES,Please plan to have your vehicles moved during the day.,11-May-2020 thru 17-May-2020,11-May-2020,17-May-2020,13-May-2020
377,Huff Bremner Estate Industrial,25-May-2020 thru 31-May-2020,2020-05-25,2020-05-31,26-May-2020,Completed,"(53.564498, -113.5719976)",09/23/2020 10:22:28 AM,NO,Please plan to have your vehicles moved during the day.,Not Applicable,Not Applicable,Not Applicable,Not Applicable
322,Elmwood,18-May-2020 thru 24-May-2020,2020-05-18,2020-05-24,22-May-2020,Completed,"(53.51601941, -113.6063694)",09/23/2020 10:22:28 AM,YES,Please plan to have your vehicles moved during the day.,01-Jun-2020 thru 07-Jun-2020,01-Jun-2020,07-Jun-2020,02-Jun-2020
509,Fulton Place,20-Apr-2020 thru 26-Apr-2020,2020-04-20,2020-04-26,21-Apr-2020,Completed,"(53.54641301, -113.4296745)",09/23/2020 10:22:28 AM,NO,Please plan to have your vehicles moved during the day.,Not Applicable,Not Applicable,Not Applicable,Not Applicable
201,"Garneau, and parts of (Queen Alexandra, and Strathcona)",27-Apr-2020 thru 03-May-2020,2020-04-27,2020-05-03,30-Apr-2020,Completed,"(53.51881244, -113.5079124)",09/23/2020 10:22:28 AM,YES,Please plan to have your vehicles moved during the day.,04-May-2020 thru 10-May-2020,04-May-2020,10-May-2020,04-May-2020
421,"Beaumaris, and Lorelei",27-Apr-2020 thru 03-May-2020,2020-04-27,2020-05-03,28-Apr-2020,Completed,"(53.62167132, -113.5060273)",09/23/2020 10:22:28 AM,NO,Please plan to have your vehicles moved during the day.,Not Applicable,Not Applicable,Not Applicable,Not Applicable
405,Casselman and McLeod,18-May-2020 thru 24-May-2020,2020-05-18,2020-05-24,19-May-2020,Completed,"(53.61047983, -113.4304792)",09/23/2020 10:22:28 AM,YES,Please plan to have your vehicles moved during the day.,25-May-2020 thru 31-May-2020,25-May-2020,31-May-2020,TBD
240,Edgemont,25-May-2020 thru 31-May-2020,2020-05-25,2020-05-31,25-May-2020,Completed,"(53.472409, -113.673075)",09/23/2020 10:22:28 AM,NO,Please plan to have your vehicles moved during the day.,Not Applicable,Not Applicable,Not Applicable,Not Applicable
209,Brookside,25-May-2020 thru 31-May-2020,2020-05-25,2020-05-31,25-May-2020,Completed,"(53.49431869, -113.5627512)",09/23/2020 10:22:28 AM,NO,Please plan to have your vehicles moved during the day.,Not Applicable,Not Applicable,Not Applicable,Not Applicable
244,Wedgewood Heights Donsdale,25-May-2020 thru 31-May-2020,2020-05-25,2020-05-31,25-May-2020,Completed,"(53.48158135, -113.6404438)",09/23/2020 10:22:28 AM,NO,Please plan to have your vehicles moved during the day.,Not Applicable,Not Applicable,Not Applicable,Not Applicable
213,"Granville, and Glastonbury",25-May-2020 thru 31-May-2020,2020-05-25,2020-05-31,25-May-2020,Completed,"(53.5041551, -113.675725)",09/23/2020 10:22:28 AM,NO,Please plan to have your vehicles moved during the day.,Not Applicable,Not Applicable,Not Applicable,Not Applicable
504,"Bonnie Doon, and Idylwylde",27-Apr-2020 thru 03-May-2020,2020-04-27,2020-05-03,27-Apr-2020,Completed,"(53.5255319, -113.4679146)",09/23/2020 10:22:28 AM,YES,Please plan to have your vehicles moved during the day.,04-May-2020 thru 10-May-2020,04-May-2020,10-May-2020,04-May-2020
477,Parts of Clover Bar Area,Not Applicable thru Not Applicable,,,Not Applicable,Completed,"(53.5937225, -113.3326624)",09/23/2020 10:22:28 AM,NO,Please plan to have your vehicles moved during the day.,Not Applicable,Not Applicable,Not Applicable,Not Applicable
446,Parts of Energy and Technology Park,Not Applicable thru Not Applicable,,,Not Applicable,Not Required,"(53.6493504, -113.4264218)",09/23/2020 10:22:28 AM,NO,Please plan to have your vehicles moved during the day.,Not Applicable,Not Applicable,Not Applicable,Not Applicable
311,"Grovenor, and parts of Glenora",04-May-2020 thru 10-May-2020,2020-05-04,2020-05-10,05-May-2020,Completed,"(53.54493203, -113.5670724)",09/23/2020 10:22:28 AM,NO,Please plan to have your vehicles moved during the day.,Not Applicable,Not Applicable,Not Applicable,Not Applicable
103,"parts of (Oliver, Central McDougall, and Queen Mary Park)",11-May-2020 thru 17-May-2020,2020-05-11,2020-05-17,11-May-2020,Completed,"(53.5452667, -113.5150494)",09/23/2020 10:22:28 AM,NO,Please plan to have your vehicles moved during the day.,Not Applicable,Not Applicable,Not Applicable,Not Applicable
108,"Virgina Park, Cromdale, Riverdale, and parts of (Boyle Street)",25-May-2020 thru 31-May-2020,2020-05-25,2020-05-31,26-May-2020,Completed,"(53.56115624, -113.4636697)",09/23/2020 10:22:28 AM,NO,Please plan to have your vehicles moved during the day.,Not Applicable,Not Applicable,Not Applicable,Not Applicable
211,"Patricia Heights, Quesnell Heights and Rio Terrace",25-May-2020 thru 31-May-2020,2020-05-25,2020-05-31,25-May-2020,Completed,"(53.50782343, -113.5828497)",09/23/2020 10:22:28 AM,NO,Please plan to have your vehicles moved during the day.,Not Applicable,Not Applicable,Not Applicable,Not Applicable
407,Kildare,11-May-2020 thru 17-May-2020,2020-05-11,2020-05-17,13-May-2020,Completed,"(53.6034344, -113.4555176)",09/23/2020 10:22:28 AM,NO,Please plan to have your vehicles moved during the day.,11-May-2020 thru 17-May-2020,11-May-2020,17-May-2020,Not Applicable
224,Twin Brooks,20-Apr-2020 thru 26-Apr-2020,2020-04-20,2020-04-26,20-Apr-2020,Completed,"(53.44330324, -113.5276329)",09/23/2020 10:22:28 AM,YES,Please plan to have your vehicles moved during the day.,27-Apr-2020 thru 03-May-2020,27-Apr-2020,03-May-2020,27-Apr-2020
327,"Breckenridge Greens, Potter Greens, Suder Greens, Stewart Greens, Lewis Farms Industrial, and Webber Greens",25-May-2020 thru 31-May-2020,2020-05-25,2020-05-31,28-May-2020,Completed,"(53.52705047, -113.6746441)",09/23/2020 10:22:28 AM,NO,Please plan to have your vehicles moved during the day.,Not Applicable,Not Applicable,Not Applicable,Not Applicable
243,"Dechene, and Gariepy",25-May-2020 thru 31-May-2020,2020-05-25,2020-05-31,25-May-2020,Completed,"(53.49120351, -113.627854)",09/23/2020 10:22:28 AM,NO,Please plan to have your vehicles moved during the day.,Not Applicable,Not Applicable,Not Applicable,Not Applicable
515,"Lee Ridge, and Richfield",11-May-2020 thru 17-May-2020,2020-05-11,2020-05-17,11-May-2020,Completed,"(53.46982559, -113.4529012)",09/23/2020 10:22:29 AM,NO,Please plan to have your vehicles moved during the day.,Not Applicable,Not Applicable,Not Applicable,Not Applicable
323,Thorncliff,25-May-2020 thru 31-May-2020,2020-05-25,2020-05-31,25-May-2020,Completed,"(53.51697631, -113.6232677)",09/23/2020 10:22:28 AM,NO,Please plan to have your vehicles moved during the day.,Not Applicable,Not Applicable,Not Applicable,Not Applicable
583,Roper Industrial and parts of Davies Industrial East,25-May-2020 thru 31-May-2020,2020-05-25,2020-05-31,25-May-2020,Completed,"(53.495322, -113.4312843)",09/23/2020 10:22:29 AM,YES,Please plan to have your vehicles moved during the day.,27-Apr-2020 thru 03-May-2020,27-Apr-2020,03-May-2020,27-Apr-2020
508,Forest Heights,20-Apr-2020 thru 26-Apr-2020,2020-04-20,2020-04-26,21-Apr-2020,Completed,"(53.5441159, -113.4591243)",09/23/2020 10:22:28 AM,YES,Please plan to have your vehicles moved during the day.,27-Apr-2020 thru 03-May-2020,27-Apr-2020,03-May-2020,27-Apr-2020
230,"Magrath Heights, and Mactaggart",11-May-2020 thru 17-May-2020,2020-05-11,2020-05-17,11-May-2020,Completed,"(53.44471255, -113.5605771)",09/23/2020 10:22:28 AM,NO,Please plan to have your vehicles moved during the day.,Not Applicable,Not Applicable,Not Applicable,Not Applicable
425,"Crystallina Nera, Schonsee, and Crystallina Nera East",11-May-2020 thru 17-May-2020,2020-05-11,2020-05-17,11-May-2020,Completed,"(53.6396951, -113.4544895)",09/23/2020 10:22:28 AM,NO,Please plan to have your vehicles moved during the day.,Not Applicable,Not Applicable,Not Applicable,Not Applicable
408,Delwood,11-May-2020 thru 17-May-2020,2020-05-11,2020-05-17,13-May-2020,Completed,"(53.59610964, -113.4553295)",09/23/2020 10:22:28 AM,NO,Please plan to have your vehicles moved during the day.,11-May-2020 thru 17-May-2020,11-May-2020,17-May-2020,Not Applicable
502,Ritchie,04-May-2020 thru 10-May-2020,2020-05-04,2020-05-10,04-May-2020,Completed,"(53.5133914, -113.4800289)",09/23/2020 10:22:28 AM,NO,Please plan to have your vehicles moved during the day.,Not Applicable,Not Applicable,Not Applicable,Not Applicable
409,Balwin,18-May-2020 thru 24-May-2020,2020-05-18,2020-05-24,20-May-2020,Completed,"(53.58804264, -113.4552343)",09/23/2020 10:22:28 AM,YES,Please plan to have your vehicles moved during the day.,18-May-2020 thru 24-May-2020,18-May-2020,24-May-2020,18-May-2020
449,Parts of Energy and Technology Park,Not Applicable thru Not Applicable,,,Not Applicable,Not Required,"(53.6748433, -113.3571949)",09/23/2020 10:22:28 AM,NO,Please plan to have your vehicles moved during the day.,Not Applicable,Not Applicable,Not Applicable,Not Applicable
330,Rampart Industrial,18-May-2020 thru 24-May-2020,2020-05-18,2020-05-24,20-May-2020,Completed,"(53.6157124, -113.5794683)",09/23/2020 10:22:28 AM,NO,Please plan to have your vehicles moved during the day.,Not Applicable,Not Applicable,Not Applicable,Not Applicable
437,Evergreen,01-Jun-2020 thru 07-Jun-2020,2020-06-01,2020-06-07,29-May-2020,Completed,"(53.62140406, -113.332218)",09/23/2020 10:22:28 AM,YES,Please plan to have your vehicles moved during the day.,01-Jun-2020 thru 07-Jun-2020,01-Jun-2020,07-Jun-2020,01-Jun-2020
415,Rosslyn,27-Apr-2020 thru 03-May-2020,2020-04-27,2020-05-03,30-Apr-2020,Completed,"(53.59596544, -113.5045276)",09/23/2020 10:22:28 AM,YES,Please plan to have your vehicles moved during the day.,04-May-2020 thru 10-May-2020,04-May-2020,10-May-2020,05-May-2020
308,McQueen and North Glenora,04-May-2020 thru 10-May-2020,2020-05-04,2020-05-10,04-May-2020,Completed,"(53.55508117, -113.564706)",09/23/2020 10:22:28 AM,YES,Please plan to have your vehicles moved during the day.,27-Apr-2020 thru 03-May-2020,27-Apr-2020,03-May-2020,30-Apr-2020
406,Kilkenny,11-May-2020 thru 17-May-2020,2020-05-11,2020-05-17,13-May-2020,Completed,"(53.61054989, -113.4554575)",09/23/2020 10:22:28 AM,NO,Please plan to have your vehicles moved during the day.,11-May-2020 thru 17-May-2020,11-May-2020,17-May-2020,Not Applicable
511,Gold Bar,20-Apr-2020 thru 26-Apr-2020,2020-04-20,2020-04-26,21-Apr-2020,Completed,"(53.5471618, -113.4101929)",09/23/2020 10:22:28 AM,NO,Please plan to have your vehicles moved during the day.,Not Applicable,Not Applicable,Not Applicable,Not Applicable
580,"Parts of Coronet and Rosedale Industrial, and CPR Irvine",27-Apr-2020 thru 03-May-2020,2020-04-27,2020-05-03,27-Apr-2020,Completed,"(53.4948744, -113.4801019)",09/23/2020 10:22:29 AM,YES,Please plan to have your vehicles moved during the day.,27-Apr-2020 thru 03-May-2020,27-Apr-2020,03-May-2020,27-Apr-2020
454,Parts of Energy and Technology Park,Not Applicable thru Not Applicable,,,Not Applicable,Not Required,"(53.7008534, -113.3568113)",09/23/2020 10:22:28 AM,NO,Please plan to have your vehicles moved during the day.,Not Applicable,Not Applicable,Not Applicable,Not Applicable
444,Parts of Energy and Technology Park,Not Applicable thru Not Applicable,,,Not Applicable,Not Required,"(53.6545091, -113.3873723)",09/23/2020 10:22:28 AM,NO,Please plan to have your vehicles moved during the day.,Not Applicable,Not Applicable,Not Applicable,Not Applicable
435,Rural Northeast/South Sturgeon,Not Applicable thru Not Applicable,,,Not Applicable,Not Required,"(53.6097326, -113.3101088)",09/23/2020 10:22:28 AM,NO,Please plan to have your vehicles moved during the day.,Not Applicable,Not Applicable,Not Applicable,Not Applicable
101,"Parkdale, and parts of (Alberta Avenue)",27-Apr-2020 thru 03-May-2020,2020-04-27,2020-05-03,27-Apr-2020,Completed,"(53.56576771, -113.4782823)",09/23/2020 10:22:28 AM,NO,Please plan to have your vehicles moved during the day.,Not Applicable,Not Applicable,Not Applicable,Not Applicable
112,"Abbottsfield, Beacon Heights, and Bergman",11-May-2020 thru 17-May-2020,2020-05-11,2020-05-17,11-May-2020,Completed,"(53.57604578, -113.4035779)",09/23/2020 10:22:28 AM,NO,Please plan to have your vehicles moved during the day.,Not Applicable,Not Applicable,Not Applicable,Not Applicable
427,"Matt Berry, and Hollick-Kenyon",18-May-2020 thru 24-May-2020,2020-05-18,2020-05-24,20-May-2020,Completed,"(53.62242959, -113.42859)",09/23/2020 10:22:28 AM,YES,Please plan to have your vehicles moved during the day.,25-May-2020 thru 31-May-2020,25-May-2020,31-May-2020,TBD
401,"Kernohan, Belmont, and Sifton Park",25-May-2020 thru 31-May-2020,2020-05-25,2020-05-31,29-May-2020,Completed,"(53.59278795, -113.394577)",09/23/2020 10:22:28 AM,NO,Please plan to have your vehicles moved during the day.,Not Applicable,Not Applicable,Not Applicable,Not Applicable
500,Avonmore,04-May-2020 thru 10-May-2020,2020-05-04,2020-05-10,04-May-2020,Completed,"(53.50780615, -113.4530106)",09/23/2020 10:22:28 AM,NO,Please plan to have your vehicles moved during the day.,11-May-2020 thru 17-May-2020,11-May-2020,17-May-2020,11-May-2020
232,Hays Ridge Chappelle Area,18-May-2020 thru 24-May-2020,2020-05-18,2020-05-24,18-May-2020,Completed,"(53.4136406, -113.5717209)",09/23/2020 10:22:28 AM,YES,Please plan to have your vehicles moved during the day.,11-May-2020 thru 17-May-2020,11-May-2020,17-May-2020,14-May-2020
432,Parts of Evergreen,01-Jun-2020 thru 07-Jun-2020,2020-06-01,2020-06-07,29-May-2020,Completed,"(53.6225476, -113.3566689)",09/23/2020 10:22:28 AM,YES,Please plan to have your vehicles moved during the day.,01-Jun-2020 thru 07-Jun-2020,01-Jun-2020,07-Jun-2020,01-Jun-2020
379,West Sheffield and Youngstown Industrial,25-May-2020 thru 31-May-2020,2020-05-25,2020-05-31,26-May-2020,Completed,"(53.5581745, -113.6100681)",09/23/2020 10:22:28 AM,NO,Please plan to have your vehicles moved during the day.,Not Applicable,Not Applicable,Not Applicable,Not Applicable
307,parts of Westmount,04-May-2020 thru 10-May-2020,2020-05-04,2020-05-10,06-May-2020,Completed,"(53.55348702, -113.5438223)",09/23/2020 10:22:28 AM,NO,Please plan to have your vehicles moved during the day.,Not Applicable,Not Applicable,Not Applicable,Not Applicable
534,Rural Southeast,25-May-2020 thru 31-May-2020,2020-05-25,2020-05-31,25-May-2020,Completed,"(53.4324271, -113.3562392)",09/23/2020 10:22:29 AM,NO,Please plan to have your vehicles moved during the day.,Not Applicable,Not Applicable,Not Applicable,Not Applicable
233,Terwillegar Towne and Terwillegar South,11-May-2020 thru 17-May-2020,2020-05-11,2020-05-17,11-May-2020,Completed,"(53.44462288, -113.5815504)",09/23/2020 10:22:28 AM,NO,Please plan to have your vehicles moved during the day.,Not Applicable,Not Applicable,Not Applicable,Not Applicable
403,York,18-May-2020 thru 24-May-2020,2020-05-18,2020-05-24,19-May-2020,Completed,"(53.60317388, -113.4308288)",09/23/2020 10:22:28 AM,NO,Please plan to have your vehicles moved during the day.,Not Applicable,Not Applicable,Not Applicable,Not Applicable
451,Rural Northeast/Horsehills,Not Applicable thru Not Applicable,,,Not Applicable,Not Required,"(53.6690498, -113.3053709)",09/23/2020 10:22:28 AM,NO,Please plan to have your vehicles moved during the day.,Not Applicable,Not Applicable,Not Applicable,Not Applicable
235,Glenridding,18-May-2020 thru 24-May-2020,2020-05-18,2020-05-24,18-May-2020,Completed,"(53.41031666, -113.5993724)",09/23/2020 10:22:28 AM,NO,Please plan to have your vehicles moved during the day.,Not Applicable,Not Applicable,Not Applicable,Not Applicable
478,Parts of Clover Bar Area,Not Applicable thru Not Applicable,,,Not Applicable,Completed,"(53.5935832, -113.3081382)",09/23/2020 10:22:28 AM,NO,Please plan to have your vehicles moved during the day.,Not Applicable,Not Applicable,Not Applicable,Not Applicable
204,"Parkallen, and McKernan",04-May-2020 thru 10-May-2020,2020-05-04,2020-05-10,04-May-2020,Completed,"(53.50706287, -113.5222058)",09/23/2020 10:22:28 AM,NO,Please plan to have your vehicles moved during the day.,11-May-2020 thru 17-May-2020,11-May-2020,17-May-2020,11-May-2020
383,"Poundmaker, Sunwapta, Wilson, Morin, Mcnamara and Stone Industrial",25-May-2020 thru 31-May-2020,2020-05-25,2020-05-31,26-May-2020,Completed,"(53.5479869, -113.6400307)",09/23/2020 10:22:28 AM,NO,Please plan to have your vehicles moved during the day.,Not Applicable,Not Applicable,Not Applicable,Not Applicable
442,Marquis,Not Applicable thru Not Applicable,,,Not Applicable,Not Required,"(53.6501891, -113.3321446)",09/23/2020 10:22:28 AM,NO,Please plan to have your vehicles moved during the day.,Not Applicable,Not Applicable,Not Applicable,Not Applicable
516,"Kameyosek, and Tipaskan",11-May-2020 thru 17-May-2020,2020-05-11,2020-05-17,11-May-2020,Completed,"(53.46221086, -113.4512144)",09/23/2020 10:22:29 AM,NO,Please plan to have your vehicles moved during the day.,Not Applicable,Not Applicable,Not Applicable,Not Applicable
222,"Ermineskin, and Steinhauer",27-Apr-2020 thru 03-May-2020,2020-04-27,2020-05-03,27-Apr-2020,Completed,"(53.46114851, -113.5041522)",09/23/2020 10:22:28 AM,NO,Please plan to have your vehicles moved during the day.,Not Applicable,Not Applicable,Not Applicable,Not Applicable
441,Parts of Marquis and Rural Northeast/South Sturgeon,Not Applicable thru Not Applicable,,,Not Applicable,Not Required,"(53.6507074, -113.3041583)",09/23/2020 10:22:28 AM,NO,Please plan to have your vehicles moved during the day.,Not Applicable,Not Applicable,Not Applicable,Not Applicable
228,Rutherford,20-Apr-2020 thru 26-Apr-2020,2020-04-20,2020-04-26,21-Apr-2020,Completed,"(53.41762129, -113.5289905)",09/23/2020 10:22:28 AM,NO,Please plan to have your vehicles moved during the day.,Not Applicable,Not Applicable,Not Applicable,Not Applicable
456,Parts of Energy and Technology Park,Not Applicable thru Not Applicable,,,Not Applicable,Not Required,"(53.6990864, -113.4074169)",09/23/2020 10:22:28 AM,NO,Please plan to have your vehicles moved during the day.,Not Applicable,Not Applicable,Not Applicable,Not Applicable
226,"Cashman, Blackmud Creek, and Cavanagh",20-Apr-2020 thru 26-Apr-2020,2020-04-20,2020-04-26,21-Apr-2020,Completed,"(53.41083848, -113.5068183)",09/23/2020 10:22:28 AM,NO,Please plan to have your vehicles moved during the day.,Not Applicable,Not Applicable,Not Applicable,Not Applicable
418,Kensington,20-Apr-2020 thru 26-Apr-2020,2020-04-20,2020-04-26,21-Apr-2020,Completed,"(53.59601428, -113.5290921)",09/23/2020 10:22:28 AM,NO,Please plan to have your vehicles moved during the day.,Not Applicable,Not Applicable,Not Applicable,Not Applicable
450,Rural Northeast/Horsehills,Not Applicable thru Not Applicable,,,Not Applicable,Not Required,"(53.6672493, -113.3317938)",09/23/2020 10:22:28 AM,NO,Please plan to have your vehicles moved during the day.,Not Applicable,Not Applicable,Not Applicable,Not Applicable
479,Parts of Clover Bar Area,Not Applicable thru Not Applicable,,,Not Applicable,Completed,"(53.5774299, -113.3564103)",09/23/2020 10:22:28 AM,NO,Please plan to have your vehicles moved during the day.,Not Applicable,Not Applicable,Not Applicable,Not Applicable
114,"Elmwood park, and parts of (Eastwood, and Montrose)",04-May-2020 thru 10-May-2020,2020-05-04,2020-05-10,04-May-2020,Completed,"(53.57429843, -113.4486184)",09/23/2020 10:22:28 AM,NO,Please plan to have your vehicles moved during the day.,Not Applicable,Not Applicable,Not Applicable,Not Applicable
113,Newton and parts of (Montrose),11-May-2020 thru 17-May-2020,2020-05-11,2020-05-17,11-May-2020,Completed,"(53.57607643, -113.4308172)",09/23/2020 10:22:28 AM,NO,Please plan to have your vehicles moved during the day.,Not Applicable,Not Applicable,Not Applicable,Not Applicable
252,"Windermere, and Westpoint Estates",25-May-2020 thru 31-May-2020,2020-05-25,2020-05-31,25-May-2020,Completed,"(53.43536178, -113.627485)",09/23/2020 10:22:28 AM,NO,Please plan to have your vehicles moved during the day.,Not Applicable,Not Applicable,Not Applicable,Not Applicable
507,Terrace Heights,27-Apr-2020 thru 03-May-2020,2020-04-27,2020-05-03,27-Apr-2020,Completed,"(53.54219053, -113.4376954)",09/23/2020 10:22:28 AM,NO,Please plan to have your vehicles moved during the day.,Not Applicable,Not Applicable,Not Applicable,Not Applicable
242,Jamieson Place,25-May-2020 thru 31-May-2020,2020-05-25,2020-05-31,25-May-2020,Completed,"(53.48883368, -113.6513667)",09/23/2020 10:22:28 AM,NO,Please plan to have your vehicles moved during the day.,Not Applicable,Not Applicable,Not Applicable,Not Applicable
332,"Carlton, and Oxford",20-Apr-2020 thru 26-Apr-2020,2020-04-20,2020-04-26,21-Apr-2020,Completed,"(53.62180784, -113.5535659)",09/23/2020 10:22:28 AM,NO,Please plan to have your vehicles moved during the day.,Not Applicable,Not Applicable,Not Applicable,Not Applicable
326,LaPerle and Belmead,25-May-2020 thru 31-May-2020,2020-05-25,2020-05-31,25-May-2020,Completed,"(53.53023489, -113.6454625)",09/23/2020 10:22:28 AM,NO,Please plan to have your vehicles moved during the day.,Not Applicable,Not Applicable,Not Applicable,Not Applicable
422,"Baturyn, Chambery, and Elsinore",27-Apr-2020 thru 03-May-2020,2020-04-27,2020-05-03,27-Apr-2020,Completed,"(53.63979715, -113.5045391)",09/23/2020 10:22:28 AM,NO,Please plan to have your vehicles moved during the day.,Not Applicable,Not Applicable,Not Applicable,Not Applicable
