KEY;ZONE;INSTALLATION;LOCATION_1;LOCATION_2;ORIENTATION;BIA;Geo Local Area;Geom
CVP001;DT;2009;Robson;Burrard;350;Robson Street;West End;"{""type"": ""Point"", ""coordinates"": [-123.12307, 49.28337]}"
CVP003;DT;2009;Robson;mid-block 1100;44;Robson Street;West End;"{""type"": ""Point"", ""coordinates"": [-123.125505, 49.285151]}"
CVP005;DT;2009;Cordova;Howe;176;Downtown Vancouver;Downtown;"{""type"": ""Point"", ""coordinates"": [-123.113604, 49.286713]}"
CVP006;DT;2009;Cordova;Seymour;134;Downtown Vancouver;Downtown;"{""type"": ""Point"", ""coordinates"": [-123.111818, 49.285448]}"
CVP008;DT;2009;Burrard;Georgia;93;Downtown Vancouver;Downtown;"{""type"": ""Point"", ""coordinates"": [-123.12102, 49.284627]}"
CVP015;DT;2009;Smithe;Expo;96;None;Downtown;"{""type"": ""Point"", ""coordinates"": [-123.114722, 49.276064]}"
CVP019;DT;2009;Burrard;Nelson;269;Downtown Vancouver;Downtown;"{""type"": ""Point"", ""coordinates"": [-123.125949, 49.28103]}"
CVP027;DT;2009;Granville;Pender;315;Downtown Vancouver;Downtown;"{""type"": ""Point"", ""coordinates"": [-123.115082, 49.284628]}"
CVP029;DT;2009;Robson;Thurlow;275;Robson Street;West End;"{""type"": ""Point"", ""coordinates"": [-123.124929, 49.284444]}"
CVP030;DT;2009;Water;Richards;58;Gastown;Downtown;"{""type"": ""Point"", ""coordinates"": [-123.110454, 49.284679]}"
CVS003;OT;2010;Alma;W 4th;180;None;West Point Grey;"{""type"": ""Point"", ""coordinates"": [-123.185891, 49.268547]}"
CVS006;OT;2010;Dunbar;W 16th;90;Dunbar Village;Dunbar-Southlands;"{""type"": ""Point"", ""coordinates"": [-123.184987, 49.257669]}"
CVS007;OT;2010;Dunbar;W 41st;90;Dunbar Village;Dunbar-Southlands;"{""type"": ""Point"", ""coordinates"": [-123.185493, 49.234657]}"
CVS008;OT;2010;W 4th;Balaclava;180;None;Kitsilano;"{""type"": ""Point"", ""coordinates"": [-123.173701, 49.268341]}"
CVS009;OT;2010;W Broadway;Balaclava;180;West Broadway;Kitsilano;"{""type"": ""Point"", ""coordinates"": [-123.17414, 49.264268]}"
CVS010;Metro Core;2010;W 4th;Macdonald;180;None;Kitsilano;"{""type"": ""Point"", ""coordinates"": [-123.168555, 49.268293]}"
CVS012;Metro Core;2010;W Broadway;Macdonald;180;West Broadway;Kitsilano;"{""type"": ""Point"", ""coordinates"": [-123.168375, 49.263972]}"
CVS013;Metro Core;2010;Cornwall;Trafalgar;180;None;Kitsilano;"{""type"": ""Point"", ""coordinates"": [-123.164454, 49.272834]}"
CVS014;Metro Core;2010;Yew;Cornwall;180;None;Kitsilano;"{""type"": ""Point"", ""coordinates"": [-123.155102, 49.272501]}"
CVS016;OT;2010;W 41st;West Blvd;180;Kerrisdale;Arbutus-Ridge;"{""type"": ""Point"", ""coordinates"": [-123.155328, 49.234663]}"
CVS017;OT;2010;W 41st;East Blvd;180;Kerrisdale;Kerrisdale;"{""type"": ""Point"", ""coordinates"": [-123.155144, 49.234456]}"
CVS021;Metro Core;2010;W 4th;Burrard;90;Kitsilano 4th Avenue;Fairview;"{""type"": ""Point"", ""coordinates"": [-123.145433, 49.267899]}"
CVS024;Metro Core;2009;W 4th;Granville;90;None;Fairview;"{""type"": ""Point"", ""coordinates"": [-123.138206, 49.268016]}"
CVS026;Metro Core;2009;Granville;W 13th;90;South Granville;Fairview;"{""type"": ""Point"", ""coordinates"": [-123.1389, 49.259773]}"
CVS030;OT;2010;Granville;W 68th;90;Marpole;Marpole;"{""type"": ""Point"", ""coordinates"": [-123.140605, 49.210408]}"
CVS031;Metro Core;2010;W Broadway;Oak;180;None;Fairview;"{""type"": ""Point"", ""coordinates"": [-123.126433, 49.263555]}"
CVS035;Metro Core;2009;Charleson;Heather;90;None;Fairview;"{""type"": ""Point"", ""coordinates"": [-123.120398, 49.266317]}"
CVS036;Metro Core;2009;Cambie;W 6th;142;None;Fairview;"{""type"": ""Point"", ""coordinates"": [-123.1158, 49.266369]}"
CVS048;OT;2010;Cambie;SW Marine;90;None;Marpole;"{""type"": ""Point"", ""coordinates"": [-123.116983, 49.210362]}"
CVS049;DT;2009;Cardero;Robson;45;West End;West End;"{""type"": ""Point"", ""coordinates"": [-123.13246, 49.289409]}"
CVS054;DT;2009;Bute;Seaside (Coal Harbour);30;None;Downtown;"{""type"": ""Point"", ""coordinates"": [-123.121116, 49.29022]}"
CVS055;DT;2009;Bute;W Hastings;135;Downtown Vancouver;Downtown;"{""type"": ""Point"", ""coordinates"": [-123.122692, 49.288939]}"
CVS059;DT;2009;Thurlow;Seaside (False Creek);71;None;West End;"{""type"": ""Point"", ""coordinates"": [-123.136213, 49.277313]}"
CVS061;DT;2009;Water;Cambie;13;Gastown;Downtown;"{""type"": ""Point"", ""coordinates"": [-123.108609, 49.284229]}"
CVS063;DT;2009;Main;E Hastings;90;Chinatown;Strathcona;"{""type"": ""Point"", ""coordinates"": [-123.099463, 49.281172]}"
CVS064;OT;2009;E Hastings;Renfrew;180;Hastings North;Hastings-Sunrise;"{""type"": ""Point"", ""coordinates"": [-123.043917, 49.281288]}"
CVS065;OT;2010;Commercial;Adanac;90;None;Grandview-Woodland;"{""type"": ""Point"", ""coordinates"": [-123.069801, 49.277475]}"
CVS076;DT;2009;Main;E Pender;90;Chinatown;Downtown;"{""type"": ""Point"", ""coordinates"": [-123.099833, 49.280511]}"
CVS083;Metro Core;2009;Spyglass;Seaside (False Creek);90;None;Fairview;"{""type"": ""Point"", ""coordinates"": [-123.115169, 49.270977]}"
CVS087;Metro Core;2009;Creekside;W 1st;70;None;Fairview;"{""type"": ""Point"", ""coordinates"": [-123.14016, 49.271494]}"
CVS088;Metro Core;2009;W 1st;Fir;65;None;Fairview;"{""type"": ""Point"", ""coordinates"": [-123.1411, 49.2705]}"
CVS089;Metro Core;2009;Whyte;Seaside (Burrard Civic Marina);109;None;Kitsilano;"{""type"": ""Point"", ""coordinates"": [-123.139893, 49.275258]}"
CVS091;Metro Core;2009;Cornwall;Chestnut;155;None;Kitsilano;"{""type"": ""Point"", ""coordinates"": [-123.145691, 49.272659]}"
CVS094;DT;2009;Davie;Thurlow;45;West End;West End;"{""type"": ""Point"", ""coordinates"": [-123.131138, 49.280501]}"
CVS097;DT;2009;Seymour;Seaside (False Creek);135;None;Downtown;"{""type"": ""Point"", ""coordinates"": [-123.130732, 49.272644]}"
CVS098;DT;2009;Pacific;Davie;70;Yaletown;Downtown;"{""type"": ""Point"", ""coordinates"": [-123.121385, 49.27385]}"
CVS103;DT;2009;Marinaside;Cooperage Way;94;None;Downtown;"{""type"": ""Point"", ""coordinates"": [-123.114612, 49.273703]}"
CVS109;OT;2009;Main;E 27th;90;None;Riley Park;"{""type"": ""Point"", ""coordinates"": [-123.1013, 49.247137]}"
CVS118;DT;2009;Bidwell;Beach;90;None;West End;"{""type"": ""Point"", ""coordinates"": [-123.142932, 49.284614]}"
CVS120;DT;2009;Thurlow;W Hastings;134;Downtown Vancouver;Downtown;"{""type"": ""Point"", ""coordinates"": [-123.119502, 49.288022]}"
CVS126;OT;2009;E Hastings;Penticton;180;Hastings North;Hastings-Sunrise;"{""type"": ""Point"", ""coordinates"": [-123.052103, 49.281029]}"
CVS127;OT;2009;E Hastings;Kamloops;180;Hastings North;Hastings-Sunrise;"{""type"": ""Point"", ""coordinates"": [-123.054712, 49.281288]}"
CVS128;OT;2009;E Hastings;Windermere (Playland);90;None;Hastings-Sunrise;"{""type"": ""Point"", ""coordinates"": [-123.036351, 49.281253]}"
CVS130;OT;2010;Fraser;E 44th;90;South Hill (Fraser Street);Sunset;"{""type"": ""Point"", ""coordinates"": [-123.090761, 49.230203]}"
CVS131;OT;2009;Main;E 30th;90;None;Riley Park;"{""type"": ""Point"", ""coordinates"": [-123.101205, 49.243567]}"
CVS132;Metro Core;2010;Main;E 22nd;90;None;Riley Park;"{""type"": ""Point"", ""coordinates"": [-123.100829, 49.251253]}"
CVS134;Metro Core;2010;Main;E 12th;90;Mount Pleasant;Mount Pleasant;"{""type"": ""Point"", ""coordinates"": [-123.100903, 49.260026]}"
CVS135;Metro Core;2010;Main;E 1st;90;None;Mount Pleasant;"{""type"": ""Point"", ""coordinates"": [-123.100868, 49.270204]}"
CVS136;OT;2010;Victoria;E 41st;90;Victoria Drive;Victoria-Fraserview;"{""type"": ""Point"", ""coordinates"": [-123.065408, 49.232588]}"
CVS143;DT;2009;Chilco;Alberni;135;None;;"{""type"": ""Point"", ""coordinates"": [-123.137357, 49.294142]}"
CVS145;OT;2010;Victoria;E 44th;90;Victoria Drive;Victoria-Fraserview;"{""type"": ""Point"", ""coordinates"": [-123.065451, 49.230457]}"
CVS147;DT;2012;Granville;Georgia;135;Downtown Vancouver;Downtown;"{""type"": ""Point"", ""coordinates"": [-123.118362, 49.282531]}"
CVS151;DT;2015;Chilco;Seawall/Beach;48;None;West End;"{""type"": ""Point"", ""coordinates"": [-123.1448, 49.289463]}"
CVS152;DT;2015;Robson;Nicola;45;West End;West End;"{""type"": ""Point"", ""coordinates"": [-123.13116, 49.288802]}"
CVS161;DT;2015;Georgia;Howe;45;Downtown Vancouver;Downtown;"{""type"": ""Point"", ""coordinates"": [-123.119361, 49.283126]}"
CVS175;Metro Core;2015;Princess;Hastings;180;Strathcona;Strathcona;"{""type"": ""Point"", ""coordinates"": [-123.091736, 49.281299]}"
CVS177;Metro Core;2015;Granville;W Broadway;90;South Granville;Fairview;"{""type"": ""Point"", ""coordinates"": [-123.138692, 49.263778]}"
CVS178;Metro Core;2015;W Broadway;Heather;180;None;Fairview;"{""type"": ""Point"", ""coordinates"": [-123.120068, 49.263211]}"
CVS179;Metro Core;2015;Fraser;E Broadway;180;None;Mount Pleasant;"{""type"": ""Point"", ""coordinates"": [-123.089325, 49.262605]}"
CVS181;Metro Core;2015;Hastings;Clark;180;Strathcona;Grandview-Woodland;"{""type"": ""Point"", ""coordinates"": [-123.076909, 49.281196]}"
CVS183;OT;2015;Hastings;Nanaimo;180;Hastings North;Grandview-Woodland;"{""type"": ""Point"", ""coordinates"": [-123.056826, 49.281257]}"
CVS190;OT;2015;Victoria;E 49th;90;Victoria Drive;Victoria-Fraserview;"{""type"": ""Point"", ""coordinates"": [-123.065857, 49.225302]}"
CVS192;OT;2015;Point Grey Rd;Jericho Beach Park;180;None;West Point Grey;"{""type"": ""Point"", ""coordinates"": [-123.190941, 49.271343]}"
CVS198;DT;2015;Burrard;Robson;45;Robson Street;Downtown;"{""type"": ""Point"", ""coordinates"": [-123.122811, 49.283133]}"
CVP004;DT;2009;W Hastings;Hornby;134;Downtown Vancouver;Downtown;"{""type"": ""Point"", ""coordinates"": [-123.115738, 49.286627]}"
CVP011;DT;2009;Denman;Beach;5;None;West End;"{""type"": ""Point"", ""coordinates"": [-123.142453, 49.286915]}"
CVP012;DT;2009;Robson;Bute;95;Robson Street;West End;"{""type"": ""Point"", ""coordinates"": [-123.126744, 49.285941]}"
CVP014;DT;2009;Dunsmuir;Granville;45;Downtown Vancouver;Downtown;"{""type"": ""Point"", ""coordinates"": [-123.116622, 49.283662]}"
CVP016;DT;2009;Georgia;Hornby;264;Downtown Vancouver;Downtown;"{""type"": ""Point"", ""coordinates"": [-123.120004, 49.283578]}"
CVP017;DT;2009;Georgia;Howe;88;Downtown Vancouver;Downtown;"{""type"": ""Point"", ""coordinates"": [-123.118831, 49.283103]}"
CVP020;DT;2009;Canada Place;Thurlow;78;Downtown Vancouver;Downtown;"{""type"": ""Point"", ""coordinates"": [-123.11838, 49.288868]}"
CVP024;Metro Core;2010;Granville;W Broadway;270;South Granville;Fairview;"{""type"": ""Point"", ""coordinates"": [-123.138711, 49.26342]}"
CVP028;DT;2009;Robson;1000 block;43;Robson Street;West End;"{""type"": ""Point"", ""coordinates"": [-123.123691, 49.283977]}"
CVS002;OT;2010;Alma;W 4th;180;None;Kitsilano;"{""type"": ""Point"", ""coordinates"": [-123.185541, 49.268738]}"
CVS011;Metro Core;2010;W Broadway;Macdonald;180;West Broadway;Kitsilano;"{""type"": ""Point"", ""coordinates"": [-123.168084, 49.264205]}"
CVS015;Metro Core;2010;W Broadway;Arbutus;90;None;Kitsilano;"{""type"": ""Point"", ""coordinates"": [-123.152808, 49.263651]}"
CVS020;Metro Core;2009;W 1st;Burrard;90;None;Kitsilano;"{""type"": ""Point"", ""coordinates"": [-123.145697, 49.270576]}"
CVS022;Metro Core;2010;W Broadway;Burrard;180;None;Fairview;"{""type"": ""Point"", ""coordinates"": [-123.145552, 49.263846]}"
CVS023;Metro Core;2009;Lamey's Mill;Anderson;131;None;Fairview;"{""type"": ""Point"", ""coordinates"": [-123.137818, 49.269605]}"
CVS027;Metro Core;2009;Granville;W 10th;90;South Granville;Fairview;"{""type"": ""Point"", ""coordinates"": [-123.138398, 49.262581]}"
CVS029;OT;2010;Granville;W 70th;90;Marpole;Marpole;"{""type"": ""Point"", ""coordinates"": [-123.140341, 49.208711]}"
CVS032;Metro Core;2009;W Broadway;Willow;180;None;Fairview;"{""type"": ""Point"", ""coordinates"": [-123.121947, 49.263474]}"
CVS039;Metro Core;2010;W Broadway;Cambie;180;Cambie Village;Mount Pleasant;"{""type"": ""Point"", ""coordinates"": [-123.114593, 49.263043]}"
CVS040;Metro Core;2010;W Broadway;Ontario;180;None;Mount Pleasant;"{""type"": ""Point"", ""coordinates"": [-123.105025, 49.262895]}"
CVS041;Metro Core;2010;Cambie;W 16th;90;Cambie Village;Mount Pleasant;"{""type"": ""Point"", ""coordinates"": [-123.114898, 49.257072]}"
CVS042;OT;2009;Cambie;W King Edward;90;Cambie Village;South Cambie;"{""type"": ""Point"", ""coordinates"": [-123.115634, 49.249197]}"
CVS043;OT;2009;W 29th;Cambie;90;None;Riley Park;"{""type"": ""Point"", ""coordinates"": [-123.11522, 49.245094]}"
CVS044;OT;2009;Cambie;W 37th;90;None;Riley Park;"{""type"": ""Point"", ""coordinates"": [-123.115777, 49.237421]}"
CVS045;OT;2009;Cambie;W 41st;90;None;Riley Park;"{""type"": ""Point"", ""coordinates"": [-123.115894, 49.233719]}"
CVS050;DT;2009;Georgia;Denman;45;West End;Downtown;"{""type"": ""Point"", ""coordinates"": [-123.133775, 49.292849]}"
CVS051;DT;2009;Georgia;Denman;45;West End;West End;"{""type"": ""Point"", ""coordinates"": [-123.133786, 49.292409]}"
CVS053;DT;2009;Broughton;Coal Harbour Quay;32;None;Downtown;"{""type"": ""Point"", ""coordinates"": [-123.126033, 49.29051]}"
CVS056;DT;2009;Granville;W Hastings;135;Downtown Vancouver;Downtown;"{""type"": ""Point"", ""coordinates"": [-123.11447, 49.284996]}"
CVS068;OT;2010;Commercial;E 1st;90;Commercial Drive;Grandview-Woodland;"{""type"": ""Point"", ""coordinates"": [-123.069754, 49.269763]}"
CVS069;OT;2010;Commercial;N Grandview Hwy;90;Commercial Drive;Grandview-Woodland;"{""type"": ""Point"", ""coordinates"": [-123.069491, 49.263528]}"
CVS071;OT;2010;Commercial;E 10th;90;Commercial Drive;Kensington-Cedar Cottage;"{""type"": ""Point"", ""coordinates"": [-123.069966, 49.261427]}"
CVS072;OT;2010;Commercial;E 13th;90;Commercial Drive;Kensington-Cedar Cottage;"{""type"": ""Point"", ""coordinates"": [-123.069698, 49.258543]}"
CVS077;DT;2009;Main;Keefer;90;Chinatown;Downtown;"{""type"": ""Point"", ""coordinates"": [-123.099891, 49.279304]}"
CVS099;DT;2009;Davie;Granville;135;Downtown Vancouver;Downtown;"{""type"": ""Point"", ""coordinates"": [-123.126449, 49.27711]}"
CVS106;Metro Core;2010;Main;E 16th;90;Mount Pleasant;Mount Pleasant;"{""type"": ""Point"", ""coordinates"": [-123.101064, 49.256742]}"
CVS108;OT;2009;Main;E King Edward;90;None;Riley Park;"{""type"": ""Point"", ""coordinates"": [-123.101183, 49.248905]}"
CVS110;OT;2009;W 33rd;Ontario;180;None;Riley Park;"{""type"": ""Point"", ""coordinates"": [-123.105527, 49.240494]}"
CVS111;OT;2010;Fraser;E 49th;90;South Hill (Fraser Street);Sunset;"{""type"": ""Point"", ""coordinates"": [-123.090974, 49.225557]}"
CVS112;OT;2009;Main;E 49th;90;None;Sunset;"{""type"": ""Point"", ""coordinates"": [-123.101798, 49.225775]}"
CVS113;OT;2009;Ontario;W 49th;180;None;Oakridge;"{""type"": ""Point"", ""coordinates"": [-123.106196, 49.225666]}"
CVS114;OT;2010;Vanness;Joyce;125;None;Renfrew-Collingwood;"{""type"": ""Point"", ""coordinates"": [-123.031603, 49.238316]}"
CVS115;DT;2009;Burrard;Pacific;135;None;West End;"{""type"": ""Point"", ""coordinates"": [-123.132725, 49.277002]}"
CVS116;DT;2009;Georgia;Beatty;45;None;Downtown;"{""type"": ""Point"", ""coordinates"": [-123.112023, 49.278685]}"
CVS121;DT;2009;Seymour;Dunsmuir;45;Downtown Vancouver;Downtown;"{""type"": ""Point"", ""coordinates"": [-123.116058, 49.283319]}"
CVS129;OT;2010;Fraser;E 41st;90;South Hill (Fraser Street);Sunset;"{""type"": ""Point"", ""coordinates"": [-123.090435, 49.232712]}"
CVS133;Metro Core;2010;Main;E 7th/Kingsway;90;Mount Pleasant;Mount Pleasant;"{""type"": ""Point"", ""coordinates"": [-123.100709, 49.264018]}"
CVS137;Metro Core;2010;Cambie;W 18th;90;Cambie Village;South Cambie;"{""type"": ""Point"", ""coordinates"": [-123.115344, 49.254898]}"
CVS138;Metro Core;2009;Island Park Walk;Anderson;6;None;Fairview;"{""type"": ""Point"", ""coordinates"": [-123.137209, 49.270046]}"
CVS139;OT;2010;W 10th;Sasamat;180;Point Grey Village;West Point Grey;"{""type"": ""Point"", ""coordinates"": [-123.209262, 49.263919]}"
CVS140;OT;2010;Dunbar;W 29th;90;Dunbar Village;Dunbar-Southlands;"{""type"": ""Point"", ""coordinates"": [-123.185375, 49.246072]}"
CVS141;OT;2010;W 41st;Yew;180;Kerrisdale;Arbutus-Ridge;"{""type"": ""Point"", ""coordinates"": [-123.157913, 49.234692]}"
CVS142;OT;2009;E Hastings;Kootenay;180;None;Hastings-Sunrise;"{""type"": ""Point"", ""coordinates"": [-123.025882, 49.28125]}"
CVS144;DT;2009;Expo Blvd;Dunsmuir/Abbott;175;None;Downtown;"{""type"": ""Point"", ""coordinates"": [-123.108334, 49.278817]}"
CVS148;DT;2012;Granville;Georgia;45;Downtown Vancouver;Downtown;"{""type"": ""Point"", ""coordinates"": [-123.1182, 49.282361]}"
CVS159;DT;2015;Burrard;Smithe;135;Downtown Vancouver;Downtown;"{""type"": ""Point"", ""coordinates"": [-123.124405, 49.282066]}"
CVS162;DT;2015;Smithe;Granville;135;Downtown Vancouver;Downtown;"{""type"": ""Point"", ""coordinates"": [-123.121208, 49.280372]}"
CVS164;DT;2015;Hamilton;Robson;135;Downtown Vancouver;Downtown;"{""type"": ""Point"", ""coordinates"": [-123.115842, 49.279007]}"
CVS168;DT;2015;Hastings;Richards;45;Downtown Vancouver;Downtown;"{""type"": ""Point"", ""coordinates"": [-123.112162, 49.284278]}"
CVS169;DT;2015;Davie;Granville;45;Downtown Vancouver;Downtown;"{""type"": ""Point"", ""coordinates"": [-123.12599, 49.277188]}"
CVS173;DT;2015;Carrall;Seawall;90;None;Downtown;"{""type"": ""Point"", ""coordinates"": [-123.106601, 49.275872]}"
CVS180;Metro Core;2015;Fraser;Kingsway;90;None;Mount Pleasant;"{""type"": ""Point"", ""coordinates"": [-123.089919, 49.256912]}"
CVS184;Metro Core;2015;Kingsway;Knight;35;None;Kensington-Cedar Cottage;"{""type"": ""Point"", ""coordinates"": [-123.075782, 49.249821]}"
CVS186;OT;2015;Kingsway;Wales (Norquay Park);35;None;Renfrew-Collingwood;"{""type"": ""Point"", ""coordinates"": [-123.051621, 49.238726]}"
CVS187;OT;2015;Kingsway;Joyce;125;Collingwood;Renfrew-Collingwood;"{""type"": ""Point"", ""coordinates"": [-123.036182, 49.234126]}"
CVS189;OT;2015;Victoria;E 38th;90;Victoria Drive;Kensington-Cedar Cottage;"{""type"": ""Point"", ""coordinates"": [-123.065609, 49.235934]}"
CVS191;Metro Core;2015;Main;Alexander;180;Hastings Crossing;Downtown;"{""type"": ""Point"", ""coordinates"": [-123.099798, 49.284037]}"
CVS194;Metro Core;2015;W 4th;Arbutus;180;Kitsilano 4th Avenue;Kitsilano;"{""type"": ""Point"", ""coordinates"": [-123.152952, 49.268244]}"
CVS196;Metro Core;2015;Dunlevy;Cordova;180;Strathcona;Strathcona;"{""type"": ""Point"", ""coordinates"": [-123.095211, 49.282314]}"
CVS197;OT;2015;Fraser;King Edward;90;None;Kensington-Cedar Cottage;"{""type"": ""Point"", ""coordinates"": [-123.09, 49.248513]}"
CVP002;DT;2009;Burrard;Robson;167;Downtown Vancouver;Downtown;"{""type"": ""Point"", ""coordinates"": [-123.122543, 49.283341]}"
CVP007;DT;2009;Burrard;Dunsmuir;154;Downtown Vancouver;Downtown;"{""type"": ""Point"", ""coordinates"": [-123.119089, 49.285614]}"
CVP009;DT;2009;Nelson;Cambie;196;Yaletown;Downtown;"{""type"": ""Point"", ""coordinates"": [-123.117862, 49.276038]}"
CVP013;DT;2009;Davie;Mainland;200;Yaletown;Downtown;"{""type"": ""Point"", ""coordinates"": [-123.122029, 49.274537]}"
CVP018;DT;2009;Robson;Granville;51;Downtown Vancouver;Downtown;"{""type"": ""Point"", ""coordinates"": [-123.119953, 49.281564]}"
CVP021;DT;2009;Canada Place;Burrard;64;Downtown Vancouver;Downtown;"{""type"": ""Point"", ""coordinates"": [-123.115543, 49.288231]}"
CVP022;DT;2009;Howe;Robson;73;Downtown Vancouver;Downtown;"{""type"": ""Point"", ""coordinates"": [-123.12072, 49.282172]}"
CVP023;DT;2009;Mainland;Helmcken;222;Yaletown;Downtown;"{""type"": ""Point"", ""coordinates"": [-123.120568, 49.275486]}"
CVP025;DT;2009;Nelson;Mainland;178;Yaletown;Downtown;"{""type"": ""Point"", ""coordinates"": [-123.118814, 49.276679]}"
CVP026;DT;2009;Water;100 block;18;Gastown;Downtown;"{""type"": ""Point"", ""coordinates"": [-123.107658, 49.284175]}"
CVS001;OT;2010;W 10th;Sasamat;180;Point Grey Village;West Point Grey;"{""type"": ""Point"", ""coordinates"": [-123.208833, 49.263754]}"
CVS004;OT;2010;W 10th;Alma;180;None;Kitsilano;"{""type"": ""Point"", ""coordinates"": [-123.185715, 49.263589]}"
CVS005;OT;2010;W Broadway;Alma;180;None;Kitsilano;"{""type"": ""Point"", ""coordinates"": [-123.185656, 49.264259]}"
CVS018;Metro Core;2010;Cypress;Cornwall;180;None;Kitsilano;"{""type"": ""Point"", ""coordinates"": [-123.147662, 49.272341]}"
CVS019;Metro Core;2010;Cypress;W 1st;180;None;Kitsilano;"{""type"": ""Point"", ""coordinates"": [-123.147988, 49.270778]}"
CVS025;Metro Core;2009;Granville;W 5th;90;South Granville;Fairview;"{""type"": ""Point"", ""coordinates"": [-123.138294, 49.266654]}"
CVS033;Metro Core;2009;W Broadway;Willow;180;None;Fairview;"{""type"": ""Point"", ""coordinates"": [-123.121576, 49.263236]}"
CVS034;Metro Core;2009;Moberly;Millbank;89;None;Fairview;"{""type"": ""Point"", ""coordinates"": [-123.118014, 49.269387]}"
CVS037;Metro Core;2009;Cambie;W 2nd;90;None;Mount Pleasant;"{""type"": ""Point"", ""coordinates"": [-123.114551, 49.266419]}"
CVS046;OT;2009;Cambie;W 41st;90;None;Oakridge;"{""type"": ""Point"", ""coordinates"": [-123.116505, 49.233249]}"
CVS047;OT;2010;Cambie;W 49th;180;None;Oakridge;"{""type"": ""Point"", ""coordinates"": [-123.116179, 49.22623]}"
CVS052;DT;2009;Denman;Seawall;45;None;Downtown;"{""type"": ""Point"", ""coordinates"": [-123.132383, 49.293501]}"
CVS057;DT;2009;Burrard;Dunsmuir;135;Downtown Vancouver;Downtown;"{""type"": ""Point"", ""coordinates"": [-123.119962, 49.285376]}"
CVS060;DT;2009;Water;Richards;15;Gastown;Downtown;"{""type"": ""Point"", ""coordinates"": [-123.110486, 49.284589]}"
CVS062;DT;2009;Carrall;Alexander;11;Gastown;Downtown;"{""type"": ""Point"", ""coordinates"": [-123.104229, 49.283536]}"
CVS066;OT;2010;Commercial;William;90;Commercial Drive;Grandview-Woodland;"{""type"": ""Point"", ""coordinates"": [-123.069642, 49.274063]}"
CVS067;OT;2010;Commercial;Graveley;90;Commercial Drive;Grandview-Woodland;"{""type"": ""Point"", ""coordinates"": [-123.069801, 49.270463]}"
CVS070;OT;2010;Commercial;E Broadway;90;Commercial Drive;Grandview-Woodland;"{""type"": ""Point"", ""coordinates"": [-123.069577, 49.262482]}"
CVS073;DT;2009;W Hastings;Cambie;46;Hastings Crossing;Downtown;"{""type"": ""Point"", ""coordinates"": [-123.109789, 49.282561]}"
CVS075;DT;2009;Carrall;E Pender;90;Chinatown;Downtown;"{""type"": ""Point"", ""coordinates"": [-123.104257, 49.280364]}"
CVS079;DT;2009;Abbott;Keefer;180;None;Downtown;"{""type"": ""Point"", ""coordinates"": [-123.107465, 49.279805]}"
CVS080;Metro Core;2009;Terminal;Main;180;None;Downtown;"{""type"": ""Point"", ""coordinates"": [-123.100608, 49.273035]}"
CVS082;DT;2009;Terminal;Quebec;180;None;Downtown;"{""type"": ""Point"", ""coordinates"": [-123.101972, 49.27324]}"
CVS084;Metro Core;2009;Millbank;Seaside (Leg-in-Boot Square);180;None;Fairview;"{""type"": ""Point"", ""coordinates"": [-123.119403, 49.267653]}"
CVS085;Metro Core;2009;Laurel St;Seaside (False Creek);13;None;Fairview;"{""type"": ""Point"", ""coordinates"": [-123.124933, 49.267545]}"
CVS086;Metro Core;2009;Laurel;W 7th;90;None;Fairview;"{""type"": ""Point"", ""coordinates"": [-123.124214, 49.265207]}"
CVS090;Metro Core;2009;Chestnut;Seaside;18;None;Kitsilano;"{""type"": ""Point"", ""coordinates"": [-123.146119, 49.277664]}"
CVS092;Metro Core;2010;Yew;Seaside (Kits Beach);66;None;Kitsilano;"{""type"": ""Point"", ""coordinates"": [-123.155074, 49.273365]}"
CVS093;DT;2009;Bute;Davie;45;West End;West End;"{""type"": ""Point"", ""coordinates"": [-123.133426, 49.281677]}"
CVS096;DT;2009;Hornby;Seaside (False Creek);135;None;Downtown;"{""type"": ""Point"", ""coordinates"": [-123.134075, 49.274507]}"
CVS100;DT;2009;Robson;Homer;45;Downtown Vancouver;Downtown;"{""type"": ""Point"", ""coordinates"": [-123.116692, 49.27944]}"
CVS101;DT;2009;Beatty;Dunsmuir;135;None;Downtown;"{""type"": ""Point"", ""coordinates"": [-123.110297, 49.279846]}"
CVS102;DT;2009;Hamilton;Dunsmuir;45;Hastings Crossing;Downtown;"{""type"": ""Point"", ""coordinates"": [-123.112228, 49.281044]}"
CVS104;Metro Core;2010;Main;E Broadway;90;Mount Pleasant;Mount Pleasant;"{""type"": ""Point"", ""coordinates"": [-123.101119, 49.263095]}"
CVS105;Metro Core;2010;Main;Broadway;90;Mount Pleasant;Mount Pleasant;"{""type"": ""Point"", ""coordinates"": [-123.100798, 49.262754]}"
CVS107;Metro Core;2010;Main;E 18th;90;None;Riley Park;"{""type"": ""Point"", ""coordinates"": [-123.101171, 49.254727]}"
CVS117;DT;2009;Marinaside;Davie;140;Yaletown;Downtown;"{""type"": ""Point"", ""coordinates"": [-123.119636, 49.272867]}"
CVS119;DT;2009;Granville;Georgia;135;Downtown Vancouver;Downtown;"{""type"": ""Point"", ""coordinates"": [-123.117248, 49.28303]}"
CVS122;DT;2010;False Creek;Seaside (David Lam Park);135;None;Downtown;"{""type"": ""Point"", ""coordinates"": [-123.124852, 49.271957]}"
CVS123;DT;2009;Robson;Seymour;45;Downtown Vancouver;Downtown;"{""type"": ""Point"", ""coordinates"": [-123.118898, 49.280857]}"
CVS124;DT;2009;Burrard;Davie;135;West End;West End;"{""type"": ""Point"", ""coordinates"": [-123.129448, 49.279092]}"
CVS125;OT;2010;Commercial;E 3rd;90;Commercial Drive;Grandview-Woodland;"{""type"": ""Point"", ""coordinates"": [-123.069466, 49.267735]}"
CVS146;DT;2009;Denman;Haro/Barclay;135;West End;West End;"{""type"": ""Point"", ""coordinates"": [-123.136835, 49.290421]}"
CVS149;DT;2009;Robson;Granville;135;Downtown Vancouver;Downtown;"{""type"": ""Point"", ""coordinates"": [-123.120039, 49.281291]}"
CVS150;DT;2015;Denman;Davie;135;West End;West End;"{""type"": ""Point"", ""coordinates"": [-123.141596, 49.287303]}"
CVS153;DT;2015;Davie;Nicola;135;West End;West End;"{""type"": ""Point"", ""coordinates"": [-123.137661, 49.284413]}"
CVS154;DT;2015;Georgia;Bute;135;Downtown Vancouver;West End;"{""type"": ""Point"", ""coordinates"": [-123.125545, 49.287108]}"
CVS155;DT;2015;Cordova;Burrard;135;Downtown Vancouver;Downtown;"{""type"": ""Point"", ""coordinates"": [-123.116532, 49.287567]}"
CVS157;DT;2015;Burrard;Davie;45;West End;West End;"{""type"": ""Point"", ""coordinates"": [-123.129306, 49.279276]}"
CVS158;DT;2015;Burrard;Nelson;135;Downtown Vancouver;West End;"{""type"": ""Point"", ""coordinates"": [-123.125972, 49.281348]}"
CVS165;DT;2015;Hamilton;Helmcken;135;Yaletown;Downtown;"{""type"": ""Point"", ""coordinates"": [-123.120927, 49.27589]}"
CVS166;DT;2015;Beatty;Robson;45;None;Downtown;"{""type"": ""Point"", ""coordinates"": [-123.113964, 49.277495]}"
CVS167;DT;2015;Beach Cr;Seaside (False Creek);135;None;Downtown;"{""type"": ""Point"", ""coordinates"": [-123.126024, 49.270981]}"
CVS170;DT;2015;Georgia;Burrard;45;Downtown Vancouver;Downtown;"{""type"": ""Point"", ""coordinates"": [-123.120963, 49.284208]}"
CVS171;DT;2015;Georgia;Bute;45;Downtown Vancouver;Downtown;"{""type"": ""Point"", ""coordinates"": [-123.124959, 49.287089]}"
CVS174;DT;2015;Manitoba;Seaside (False Creek);180;None;Mount Pleasant;"{""type"": ""Point"", ""coordinates"": [-123.106573, 49.272099]}"
CVS176;DT;2015;Island Park Walk;The Castings;180;None;Fairview;"{""type"": ""Point"", ""coordinates"": [-123.131545, 49.267124]}"
CVS182;OT;2015;Hastings;Commercial;180;Hastings North;Grandview-Woodland;"{""type"": ""Point"", ""coordinates"": [-123.070576, 49.281089]}"
CVS185;OT;2015;Nanaimo;Kingsway;35;None;Renfrew-Collingwood;"{""type"": ""Point"", ""coordinates"": [-123.058, 49.241668]}"
CVS188;OT;2015;Kingsway;Tyne;21;Collingwood;Killarney;"{""type"": ""Point"", ""coordinates"": [-123.031682, 49.231956]}"
CVS193;OT;2015;Point Grey Rd;Alma;180;None;West Point Grey;"{""type"": ""Point"", ""coordinates"": [-123.185693, 49.272394]}"
CVS195;Metro Core;2015;W 4th;Vine;180;Kitsilano 4th Avenue;Kitsilano;"{""type"": ""Point"", ""coordinates"": [-123.157327, 49.268292]}"
